create schema marketplace;

create table marketplace.cidades(
    id int primary key,
    nome text not null,
    uf text not null
);

INSERT INTO marketplace.cidades (id, nome, uf) VALUES (1, 'Cidade_1', 'RS');
INSERT INTO marketplace.cidades (id, nome, uf) VALUES (2, 'Cidade_2', 'AM');
INSERT INTO marketplace.cidades (id, nome, uf) VALUES (3, 'Cidade_3', 'AC');
INSERT INTO marketplace.cidades (id, nome, uf) VALUES (4, 'Cidade_4', 'SC');
INSERT INTO marketplace.cidades (id, nome, uf) VALUES (5, 'Cidade_5', 'GO');
INSERT INTO marketplace.cidades (id, nome, uf) VALUES (6, 'Cidade_6', 'ES');
INSERT INTO marketplace.cidades (id, nome, uf) VALUES (7, 'Cidade_7', 'ES');
INSERT INTO marketplace.cidades (id, nome, uf) VALUES (8, 'Cidade_8', 'BA');
INSERT INTO marketplace.cidades (id, nome, uf) VALUES (9, 'Cidade_9', 'SC');
INSERT INTO marketplace.cidades (id, nome, uf) VALUES (10, 'Cidade_10', 'AM');
INSERT INTO marketplace.cidades (id, nome, uf) VALUES (11, 'Cidade_11', 'RO');
INSERT INTO marketplace.cidades (id, nome, uf) VALUES (12, 'Cidade_12', 'SC');
INSERT INTO marketplace.cidades (id, nome, uf) VALUES (13, 'Cidade_13', 'PI');
INSERT INTO marketplace.cidades (id, nome, uf) VALUES (14, 'Cidade_14', 'AP');
INSERT INTO marketplace.cidades (id, nome, uf) VALUES (15, 'Cidade_15', 'RJ');
INSERT INTO marketplace.cidades (id, nome, uf) VALUES (16, 'Cidade_16', 'PA');
INSERT INTO marketplace.cidades (id, nome, uf) VALUES (17, 'Cidade_17', 'AL');
INSERT INTO marketplace.cidades (id, nome, uf) VALUES (18, 'Cidade_18', 'AC');
INSERT INTO marketplace.cidades (id, nome, uf) VALUES (19, 'Cidade_19', 'AP');
INSERT INTO marketplace.cidades (id, nome, uf) VALUES (20, 'Cidade_20', 'DF');
INSERT INTO marketplace.cidades (id, nome, uf) VALUES (21, 'Cidade_21', 'ES');
INSERT INTO marketplace.cidades (id, nome, uf) VALUES (22, 'Cidade_22', 'PE');
INSERT INTO marketplace.cidades (id, nome, uf) VALUES (23, 'Cidade_23', 'RN');
INSERT INTO marketplace.cidades (id, nome, uf) VALUES (24, 'Cidade_24', 'AC');
INSERT INTO marketplace.cidades (id, nome, uf) VALUES (25, 'Cidade_25', 'PI');
INSERT INTO marketplace.cidades (id, nome, uf) VALUES (26, 'Cidade_26', 'DF');
INSERT INTO marketplace.cidades (id, nome, uf) VALUES (27, 'Cidade_27', 'RR');
INSERT INTO marketplace.cidades (id, nome, uf) VALUES (28, 'Cidade_28', 'RS');
INSERT INTO marketplace.cidades (id, nome, uf) VALUES (29, 'Cidade_29', 'RR');
INSERT INTO marketplace.cidades (id, nome, uf) VALUES (30, 'Cidade_30', 'PI');
INSERT INTO marketplace.cidades (id, nome, uf) VALUES (31, 'Cidade_31', 'PA');
INSERT INTO marketplace.cidades (id, nome, uf) VALUES (32, 'Cidade_32', 'ES');
INSERT INTO marketplace.cidades (id, nome, uf) VALUES (33, 'Cidade_33', 'PB');
INSERT INTO marketplace.cidades (id, nome, uf) VALUES (34, 'Cidade_34', 'RJ');
INSERT INTO marketplace.cidades (id, nome, uf) VALUES (35, 'Cidade_35', 'GO');
INSERT INTO marketplace.cidades (id, nome, uf) VALUES (36, 'Cidade_36', 'SE');
INSERT INTO marketplace.cidades (id, nome, uf) VALUES (37, 'Cidade_37', 'AC');
INSERT INTO marketplace.cidades (id, nome, uf) VALUES (38, 'Cidade_38', 'SP');
INSERT INTO marketplace.cidades (id, nome, uf) VALUES (39, 'Cidade_39', 'SE');
INSERT INTO marketplace.cidades (id, nome, uf) VALUES (40, 'Cidade_40', 'CE');
INSERT INTO marketplace.cidades (id, nome, uf) VALUES (41, 'Cidade_41', 'RR');
INSERT INTO marketplace.cidades (id, nome, uf) VALUES (42, 'Cidade_42', 'PA');
INSERT INTO marketplace.cidades (id, nome, uf) VALUES (43, 'Cidade_43', 'MT');
INSERT INTO marketplace.cidades (id, nome, uf) VALUES (44, 'Cidade_44', 'GO');
INSERT INTO marketplace.cidades (id, nome, uf) VALUES (45, 'Cidade_45', 'BA');
INSERT INTO marketplace.cidades (id, nome, uf) VALUES (46, 'Cidade_46', 'DF');
INSERT INTO marketplace.cidades (id, nome, uf) VALUES (47, 'Cidade_47', 'SP');
INSERT INTO marketplace.cidades (id, nome, uf) VALUES (48, 'Cidade_48', 'MT');
INSERT INTO marketplace.cidades (id, nome, uf) VALUES (49, 'Cidade_49', 'AM');
INSERT INTO marketplace.cidades (id, nome, uf) VALUES (50, 'Cidade_50', 'AP');
INSERT INTO marketplace.cidades (id, nome, uf) VALUES (51, 'Cidade_51', 'MG');
INSERT INTO marketplace.cidades (id, nome, uf) VALUES (52, 'Cidade_52', 'AM');
INSERT INTO marketplace.cidades (id, nome, uf) VALUES (53, 'Cidade_53', 'MS');
INSERT INTO marketplace.cidades (id, nome, uf) VALUES (54, 'Cidade_54', 'MS');
INSERT INTO marketplace.cidades (id, nome, uf) VALUES (55, 'Cidade_55', 'RN');
INSERT INTO marketplace.cidades (id, nome, uf) VALUES (56, 'Cidade_56', 'GO');
INSERT INTO marketplace.cidades (id, nome, uf) VALUES (57, 'Cidade_57', 'SE');
INSERT INTO marketplace.cidades (id, nome, uf) VALUES (58, 'Cidade_58', 'AL');
INSERT INTO marketplace.cidades (id, nome, uf) VALUES (59, 'Cidade_59', 'SC');
INSERT INTO marketplace.cidades (id, nome, uf) VALUES (60, 'Cidade_60', 'PB');
INSERT INTO marketplace.cidades (id, nome, uf) VALUES (61, 'Cidade_61', 'PI');
INSERT INTO marketplace.cidades (id, nome, uf) VALUES (62, 'Cidade_62', 'AM');
INSERT INTO marketplace.cidades (id, nome, uf) VALUES (63, 'Cidade_63', 'MG');
INSERT INTO marketplace.cidades (id, nome, uf) VALUES (64, 'Cidade_64', 'AP');
INSERT INTO marketplace.cidades (id, nome, uf) VALUES (65, 'Cidade_65', 'PI');
INSERT INTO marketplace.cidades (id, nome, uf) VALUES (66, 'Cidade_66', 'MA');
INSERT INTO marketplace.cidades (id, nome, uf) VALUES (67, 'Cidade_67', 'TO');
INSERT INTO marketplace.cidades (id, nome, uf) VALUES (68, 'Cidade_68', 'RS');
INSERT INTO marketplace.cidades (id, nome, uf) VALUES (69, 'Cidade_69', 'RN');
INSERT INTO marketplace.cidades (id, nome, uf) VALUES (70, 'Cidade_70', 'MS');
INSERT INTO marketplace.cidades (id, nome, uf) VALUES (71, 'Cidade_71', 'RJ');
INSERT INTO marketplace.cidades (id, nome, uf) VALUES (72, 'Cidade_72', 'DF');
INSERT INTO marketplace.cidades (id, nome, uf) VALUES (73, 'Cidade_73', 'RR');
INSERT INTO marketplace.cidades (id, nome, uf) VALUES (74, 'Cidade_74', 'AP');
INSERT INTO marketplace.cidades (id, nome, uf) VALUES (75, 'Cidade_75', 'AL');
INSERT INTO marketplace.cidades (id, nome, uf) VALUES (76, 'Cidade_76', 'RO');
INSERT INTO marketplace.cidades (id, nome, uf) VALUES (77, 'Cidade_77', 'ES');
INSERT INTO marketplace.cidades (id, nome, uf) VALUES (78, 'Cidade_78', 'SP');
INSERT INTO marketplace.cidades (id, nome, uf) VALUES (79, 'Cidade_79', 'MA');
INSERT INTO marketplace.cidades (id, nome, uf) VALUES (80, 'Cidade_80', 'AP');
INSERT INTO marketplace.cidades (id, nome, uf) VALUES (81, 'Cidade_81', 'ES');
INSERT INTO marketplace.cidades (id, nome, uf) VALUES (82, 'Cidade_82', 'AM');
INSERT INTO marketplace.cidades (id, nome, uf) VALUES (83, 'Cidade_83', 'MG');
INSERT INTO marketplace.cidades (id, nome, uf) VALUES (84, 'Cidade_84', 'GO');
INSERT INTO marketplace.cidades (id, nome, uf) VALUES (85, 'Cidade_85', 'PB');
INSERT INTO marketplace.cidades (id, nome, uf) VALUES (86, 'Cidade_86', 'RS');
INSERT INTO marketplace.cidades (id, nome, uf) VALUES (87, 'Cidade_87', 'TO');
INSERT INTO marketplace.cidades (id, nome, uf) VALUES (88, 'Cidade_88', 'MS');
INSERT INTO marketplace.cidades (id, nome, uf) VALUES (89, 'Cidade_89', 'CE');
INSERT INTO marketplace.cidades (id, nome, uf) VALUES (90, 'Cidade_90', 'MS');
INSERT INTO marketplace.cidades (id, nome, uf) VALUES (91, 'Cidade_91', 'MS');
INSERT INTO marketplace.cidades (id, nome, uf) VALUES (92, 'Cidade_92', 'DF');
INSERT INTO marketplace.cidades (id, nome, uf) VALUES (93, 'Cidade_93', 'RO');
INSERT INTO marketplace.cidades (id, nome, uf) VALUES (94, 'Cidade_94', 'GO');
INSERT INTO marketplace.cidades (id, nome, uf) VALUES (95, 'Cidade_95', 'RR');
INSERT INTO marketplace.cidades (id, nome, uf) VALUES (96, 'Cidade_96', 'RO');
INSERT INTO marketplace.cidades (id, nome, uf) VALUES (97, 'Cidade_97', 'RS');
INSERT INTO marketplace.cidades (id, nome, uf) VALUES (98, 'Cidade_98', 'AP');
INSERT INTO marketplace.cidades (id, nome, uf) VALUES (99, 'Cidade_99', 'RN');
INSERT INTO marketplace.cidades (id, nome, uf) VALUES (100, 'Cidade_100', 'RS');
INSERT INTO marketplace.cidades (id, nome, uf) VALUES (101, 'Cidade_101', 'CE');
INSERT INTO marketplace.cidades (id, nome, uf) VALUES (102, 'Cidade_102', 'PI');
INSERT INTO marketplace.cidades (id, nome, uf) VALUES (103, 'Cidade_103', 'SC');
INSERT INTO marketplace.cidades (id, nome, uf) VALUES (104, 'Cidade_104', 'ES');
INSERT INTO marketplace.cidades (id, nome, uf) VALUES (105, 'Cidade_105', 'CE');
INSERT INTO marketplace.cidades (id, nome, uf) VALUES (106, 'Cidade_106', 'PB');
INSERT INTO marketplace.cidades (id, nome, uf) VALUES (107, 'Cidade_107', 'MG');
INSERT INTO marketplace.cidades (id, nome, uf) VALUES (108, 'Cidade_108', 'GO');
INSERT INTO marketplace.cidades (id, nome, uf) VALUES (109, 'Cidade_109', 'RS');
INSERT INTO marketplace.cidades (id, nome, uf) VALUES (110, 'Cidade_110', 'RR');
INSERT INTO marketplace.cidades (id, nome, uf) VALUES (111, 'Cidade_111', 'PI');
INSERT INTO marketplace.cidades (id, nome, uf) VALUES (112, 'Cidade_112', 'ES');
INSERT INTO marketplace.cidades (id, nome, uf) VALUES (113, 'Cidade_113', 'RO');
INSERT INTO marketplace.cidades (id, nome, uf) VALUES (114, 'Cidade_114', 'MT');
INSERT INTO marketplace.cidades (id, nome, uf) VALUES (115, 'Cidade_115', 'TO');
INSERT INTO marketplace.cidades (id, nome, uf) VALUES (116, 'Cidade_116', 'SP');
INSERT INTO marketplace.cidades (id, nome, uf) VALUES (117, 'Cidade_117', 'SP');
INSERT INTO marketplace.cidades (id, nome, uf) VALUES (118, 'Cidade_118', 'AL');
INSERT INTO marketplace.cidades (id, nome, uf) VALUES (119, 'Cidade_119', 'ES');
INSERT INTO marketplace.cidades (id, nome, uf) VALUES (120, 'Cidade_120', 'TO');
INSERT INTO marketplace.cidades (id, nome, uf) VALUES (121, 'Cidade_121', 'AL');
INSERT INTO marketplace.cidades (id, nome, uf) VALUES (122, 'Cidade_122', 'SE');
INSERT INTO marketplace.cidades (id, nome, uf) VALUES (123, 'Cidade_123', 'MT');
INSERT INTO marketplace.cidades (id, nome, uf) VALUES (124, 'Cidade_124', 'MG');
INSERT INTO marketplace.cidades (id, nome, uf) VALUES (125, 'Cidade_125', 'GO');
INSERT INTO marketplace.cidades (id, nome, uf) VALUES (126, 'Cidade_126', 'AP');
INSERT INTO marketplace.cidades (id, nome, uf) VALUES (127, 'Cidade_127', 'DF');
INSERT INTO marketplace.cidades (id, nome, uf) VALUES (128, 'Cidade_128', 'RJ');
INSERT INTO marketplace.cidades (id, nome, uf) VALUES (129, 'Cidade_129', 'RR');
INSERT INTO marketplace.cidades (id, nome, uf) VALUES (130, 'Cidade_130', 'MT');
INSERT INTO marketplace.cidades (id, nome, uf) VALUES (131, 'Cidade_131', 'DF');
INSERT INTO marketplace.cidades (id, nome, uf) VALUES (132, 'Cidade_132', 'RS');
INSERT INTO marketplace.cidades (id, nome, uf) VALUES (133, 'Cidade_133', 'PR');
INSERT INTO marketplace.cidades (id, nome, uf) VALUES (134, 'Cidade_134', 'MG');
INSERT INTO marketplace.cidades (id, nome, uf) VALUES (135, 'Cidade_135', 'RS');
INSERT INTO marketplace.cidades (id, nome, uf) VALUES (136, 'Cidade_136', 'PB');
INSERT INTO marketplace.cidades (id, nome, uf) VALUES (137, 'Cidade_137', 'BA');
INSERT INTO marketplace.cidades (id, nome, uf) VALUES (138, 'Cidade_138', 'GO');
INSERT INTO marketplace.cidades (id, nome, uf) VALUES (139, 'Cidade_139', 'BA');
INSERT INTO marketplace.cidades (id, nome, uf) VALUES (140, 'Cidade_140', 'ES');
INSERT INTO marketplace.cidades (id, nome, uf) VALUES (141, 'Cidade_141', 'SC');
INSERT INTO marketplace.cidades (id, nome, uf) VALUES (142, 'Cidade_142', 'PI');
INSERT INTO marketplace.cidades (id, nome, uf) VALUES (143, 'Cidade_143', 'PI');
INSERT INTO marketplace.cidades (id, nome, uf) VALUES (144, 'Cidade_144', 'GO');
INSERT INTO marketplace.cidades (id, nome, uf) VALUES (145, 'Cidade_145', 'SC');
INSERT INTO marketplace.cidades (id, nome, uf) VALUES (146, 'Cidade_146', 'RJ');
INSERT INTO marketplace.cidades (id, nome, uf) VALUES (147, 'Cidade_147', 'PA');
INSERT INTO marketplace.cidades (id, nome, uf) VALUES (148, 'Cidade_148', 'RJ');
INSERT INTO marketplace.cidades (id, nome, uf) VALUES (149, 'Cidade_149', 'MG');
INSERT INTO marketplace.cidades (id, nome, uf) VALUES (150, 'Cidade_150', 'MS');
INSERT INTO marketplace.cidades (id, nome, uf) VALUES (151, 'Cidade_151', 'ES');
INSERT INTO marketplace.cidades (id, nome, uf) VALUES (152, 'Cidade_152', 'BA');
INSERT INTO marketplace.cidades (id, nome, uf) VALUES (153, 'Cidade_153', 'PE');
INSERT INTO marketplace.cidades (id, nome, uf) VALUES (154, 'Cidade_154', 'PR');
INSERT INTO marketplace.cidades (id, nome, uf) VALUES (155, 'Cidade_155', 'AP');
INSERT INTO marketplace.cidades (id, nome, uf) VALUES (156, 'Cidade_156', 'SP');
INSERT INTO marketplace.cidades (id, nome, uf) VALUES (157, 'Cidade_157', 'AL');
INSERT INTO marketplace.cidades (id, nome, uf) VALUES (158, 'Cidade_158', 'AM');
INSERT INTO marketplace.cidades (id, nome, uf) VALUES (159, 'Cidade_159', 'BA');
INSERT INTO marketplace.cidades (id, nome, uf) VALUES (160, 'Cidade_160', 'RS');
INSERT INTO marketplace.cidades (id, nome, uf) VALUES (161, 'Cidade_161', 'CE');
INSERT INTO marketplace.cidades (id, nome, uf) VALUES (162, 'Cidade_162', 'SE');
INSERT INTO marketplace.cidades (id, nome, uf) VALUES (163, 'Cidade_163', 'RO');
INSERT INTO marketplace.cidades (id, nome, uf) VALUES (164, 'Cidade_164', 'PA');
INSERT INTO marketplace.cidades (id, nome, uf) VALUES (165, 'Cidade_165', 'RN');
INSERT INTO marketplace.cidades (id, nome, uf) VALUES (166, 'Cidade_166', 'AP');
INSERT INTO marketplace.cidades (id, nome, uf) VALUES (167, 'Cidade_167', 'MG');
INSERT INTO marketplace.cidades (id, nome, uf) VALUES (168, 'Cidade_168', 'MG');
INSERT INTO marketplace.cidades (id, nome, uf) VALUES (169, 'Cidade_169', 'RN');
INSERT INTO marketplace.cidades (id, nome, uf) VALUES (170, 'Cidade_170', 'PB');
INSERT INTO marketplace.cidades (id, nome, uf) VALUES (171, 'Cidade_171', 'PE');
INSERT INTO marketplace.cidades (id, nome, uf) VALUES (172, 'Cidade_172', 'GO');
INSERT INTO marketplace.cidades (id, nome, uf) VALUES (173, 'Cidade_173', 'PI');
INSERT INTO marketplace.cidades (id, nome, uf) VALUES (174, 'Cidade_174', 'AC');
INSERT INTO marketplace.cidades (id, nome, uf) VALUES (175, 'Cidade_175', 'RO');
INSERT INTO marketplace.cidades (id, nome, uf) VALUES (176, 'Cidade_176', 'SC');
INSERT INTO marketplace.cidades (id, nome, uf) VALUES (177, 'Cidade_177', 'AM');
INSERT INTO marketplace.cidades (id, nome, uf) VALUES (178, 'Cidade_178', 'RO');
INSERT INTO marketplace.cidades (id, nome, uf) VALUES (179, 'Cidade_179', 'PI');
INSERT INTO marketplace.cidades (id, nome, uf) VALUES (180, 'Cidade_180', 'SP');
INSERT INTO marketplace.cidades (id, nome, uf) VALUES (181, 'Cidade_181', 'GO');
INSERT INTO marketplace.cidades (id, nome, uf) VALUES (182, 'Cidade_182', 'SP');
INSERT INTO marketplace.cidades (id, nome, uf) VALUES (183, 'Cidade_183', 'RS');
INSERT INTO marketplace.cidades (id, nome, uf) VALUES (184, 'Cidade_184', 'MT');
INSERT INTO marketplace.cidades (id, nome, uf) VALUES (185, 'Cidade_185', 'AM');
INSERT INTO marketplace.cidades (id, nome, uf) VALUES (186, 'Cidade_186', 'MA');
INSERT INTO marketplace.cidades (id, nome, uf) VALUES (187, 'Cidade_187', 'PA');
INSERT INTO marketplace.cidades (id, nome, uf) VALUES (188, 'Cidade_188', 'CE');
INSERT INTO marketplace.cidades (id, nome, uf) VALUES (189, 'Cidade_189', 'PB');
INSERT INTO marketplace.cidades (id, nome, uf) VALUES (190, 'Cidade_190', 'AC');
INSERT INTO marketplace.cidades (id, nome, uf) VALUES (191, 'Cidade_191', 'SC');
INSERT INTO marketplace.cidades (id, nome, uf) VALUES (192, 'Cidade_192', 'SC');
INSERT INTO marketplace.cidades (id, nome, uf) VALUES (193, 'Cidade_193', 'GO');
INSERT INTO marketplace.cidades (id, nome, uf) VALUES (194, 'Cidade_194', 'PE');
INSERT INTO marketplace.cidades (id, nome, uf) VALUES (195, 'Cidade_195', 'SP');
INSERT INTO marketplace.cidades (id, nome, uf) VALUES (196, 'Cidade_196', 'CE');
INSERT INTO marketplace.cidades (id, nome, uf) VALUES (197, 'Cidade_197', 'PE');
INSERT INTO marketplace.cidades (id, nome, uf) VALUES (198, 'Cidade_198', 'AM');
INSERT INTO marketplace.cidades (id, nome, uf) VALUES (199, 'Cidade_199', 'RS');
INSERT INTO marketplace.cidades (id, nome, uf) VALUES (200, 'Cidade_200', 'MA');

create table marketplace.clientes(
    id int primary key,
    nome text not null,
    email text not null,
    cidade_id int references marketplace.cidades(id),
    criado_em date
);

INSERT INTO marketplace.clientes (id, nome, email, cidade_id, criado_em) VALUES (1, 'Ursula Cunha', 'ursula.cunha2505@exemplo.com', 96, '2025-08-15 06:13:53');
INSERT INTO marketplace.clientes (id, nome, email, cidade_id, criado_em) VALUES (2, 'Fernando Oliveira', 'fernando.oliveira9814@mail.com', 83, '2025-01-14 12:16:14');
INSERT INTO marketplace.clientes (id, nome, email, cidade_id, criado_em) VALUES (3, 'Ana Torres', 'ana.torres5039@dominio.org', 62, '2024-02-14 23:48:12');
INSERT INTO marketplace.clientes (id, nome, email, cidade_id, criado_em) VALUES (4, 'Heitor Teixeira', 'heitor.teixeira1404@mail.com', 188, '2025-01-12 11:31:07');
INSERT INTO marketplace.clientes (id, nome, email, cidade_id, criado_em) VALUES (5, 'Carla Oliveira', 'carla.oliveira2104@exemplo.com', 169, '2025-01-04 03:54:20');
INSERT INTO marketplace.clientes (id, nome, email, cidade_id, criado_em) VALUES (6, 'Rafaela Lima', 'rafaela.lima8646@dominio.org', 156, '2024-11-24 15:51:46');
INSERT INTO marketplace.clientes (id, nome, email, cidade_id, criado_em) VALUES (7, 'Gabriela Oliveira', 'gabriela.oliveira5108@exemplo.com', 103, '2025-06-05 17:09:08');
INSERT INTO marketplace.clientes (id, nome, email, cidade_id, criado_em) VALUES (8, 'Ursula Gomes', 'ursula.gomes8480@site.net', 116, '2024-04-03 23:40:54');
INSERT INTO marketplace.clientes (id, nome, email, cidade_id, criado_em) VALUES (9, 'Heitor Rocha', 'heitor.rocha5540@mail.com', 6, '2025-04-01 22:52:09');
INSERT INTO marketplace.clientes (id, nome, email, cidade_id, criado_em) VALUES (10, 'Rafaela Rocha', 'rafaela.rocha118@exemplo.com', 19, '2025-07-03 19:06:41');
INSERT INTO marketplace.clientes (id, nome, email, cidade_id, criado_em) VALUES (11, 'Ursula Souza', 'ursula.souza1105@exemplo.com', 9, '2024-09-13 15:38:00');
INSERT INTO marketplace.clientes (id, nome, email, cidade_id, criado_em) VALUES (12, 'Carla Cunha', 'carla.cunha4563@exemplo.com', 172, '2025-01-12 00:46:55');
INSERT INTO marketplace.clientes (id, nome, email, cidade_id, criado_em) VALUES (13, 'Gabriela Oliveira', 'gabriela.oliveira9356@exemplo.com', 148, '2025-01-02 03:13:35');
INSERT INTO marketplace.clientes (id, nome, email, cidade_id, criado_em) VALUES (14, 'Heitor Araujo', 'heitor.araujo3120@site.net', 25, '2024-03-16 06:55:16');
INSERT INTO marketplace.clientes (id, nome, email, cidade_id, criado_em) VALUES (15, 'Vitor Ribeiro', 'vitor.ribeiro6940@dominio.org', 106, '2024-12-28 17:58:14');
INSERT INTO marketplace.clientes (id, nome, email, cidade_id, criado_em) VALUES (16, 'Xenia Souza', 'xenia.souza994@mail.com', 104, '2025-07-19 14:53:06');
INSERT INTO marketplace.clientes (id, nome, email, cidade_id, criado_em) VALUES (17, 'Karina Torres', 'karina.torres3140@exemplo.com', 49, '2025-02-20 13:05:27');
INSERT INTO marketplace.clientes (id, nome, email, cidade_id, criado_em) VALUES (18, 'Otávio Costa', 'otávio.costa3007@site.net', 72, '2024-12-25 08:00:44');
INSERT INTO marketplace.clientes (id, nome, email, cidade_id, criado_em) VALUES (19, 'Heitor Mendes', 'heitor.mendes9017@site.net', 26, '2024-02-09 07:02:05');
INSERT INTO marketplace.clientes (id, nome, email, cidade_id, criado_em) VALUES (20, 'Ursula Oliveira', 'ursula.oliveira1529@mail.com', 193, '2024-07-02 14:25:59');
INSERT INTO marketplace.clientes (id, nome, email, cidade_id, criado_em) VALUES (21, 'Fernando Ribeiro', 'fernando.ribeiro7887@site.net', 55, '2024-11-07 11:55:58');
INSERT INTO marketplace.clientes (id, nome, email, cidade_id, criado_em) VALUES (22, 'Bruno Lima', 'bruno.lima36@site.net', 100, '2024-07-24 23:44:35');
INSERT INTO marketplace.clientes (id, nome, email, cidade_id, criado_em) VALUES (23, 'Zeca Santos', 'zeca.santos6931@dominio.org', 179, '2025-07-21 09:36:21');
INSERT INTO marketplace.clientes (id, nome, email, cidade_id, criado_em) VALUES (24, 'Zeca Oliveira', 'zeca.oliveira2537@site.net', 49, '2024-08-18 11:02:05');
INSERT INTO marketplace.clientes (id, nome, email, cidade_id, criado_em) VALUES (25, 'Gabriela Souza', 'gabriela.souza5139@mail.com', 15, '2024-02-08 22:43:15');
INSERT INTO marketplace.clientes (id, nome, email, cidade_id, criado_em) VALUES (26, 'Sergio Araujo', 'sergio.araujo932@exemplo.com', 131, '2024-03-03 05:23:09');
INSERT INTO marketplace.clientes (id, nome, email, cidade_id, criado_em) VALUES (27, 'Fernando Mendes', 'fernando.mendes3854@mail.com', 104, '2024-04-03 02:50:54');
INSERT INTO marketplace.clientes (id, nome, email, cidade_id, criado_em) VALUES (28, 'Sergio Rocha', 'sergio.rocha1344@mail.com', 108, '2025-05-25 14:19:26');
INSERT INTO marketplace.clientes (id, nome, email, cidade_id, criado_em) VALUES (29, 'Sergio Teixeira', 'sergio.teixeira4273@dominio.org', 53, '2025-06-04 04:35:49');
INSERT INTO marketplace.clientes (id, nome, email, cidade_id, criado_em) VALUES (30, 'Wagner Almeida', 'wagner.almeida4352@exemplo.com', 102, '2024-04-11 15:44:52');
INSERT INTO marketplace.clientes (id, nome, email, cidade_id, criado_em) VALUES (31, 'Vitor Barbosa', 'vitor.barbosa5181@site.net', 193, '2024-02-26 08:18:06');
INSERT INTO marketplace.clientes (id, nome, email, cidade_id, criado_em) VALUES (32, 'Ana Santos', 'ana.santos1201@mail.com', 138, '2024-06-14 13:29:03');
INSERT INTO marketplace.clientes (id, nome, email, cidade_id, criado_em) VALUES (33, 'Quintino Pereira', 'quintino.pereira5719@exemplo.com', 18, '2024-07-08 17:47:29');
INSERT INTO marketplace.clientes (id, nome, email, cidade_id, criado_em) VALUES (34, 'Lucas Barbosa', 'lucas.barbosa7180@exemplo.com', 140, '2025-06-30 10:56:05');
INSERT INTO marketplace.clientes (id, nome, email, cidade_id, criado_em) VALUES (35, 'João Cunha', 'joão.cunha9087@mail.com', 77, '2025-05-30 06:27:43');
INSERT INTO marketplace.clientes (id, nome, email, cidade_id, criado_em) VALUES (36, 'Diego Costa', 'diego.costa1892@dominio.org', 28, '2025-07-30 15:39:00');
INSERT INTO marketplace.clientes (id, nome, email, cidade_id, criado_em) VALUES (37, 'Rafaela Costa', 'rafaela.costa4617@dominio.org', 155, '2024-06-12 14:25:16');
INSERT INTO marketplace.clientes (id, nome, email, cidade_id, criado_em) VALUES (38, 'Wagner Almeida', 'wagner.almeida4326@exemplo.com', 130, '2025-01-14 10:53:37');
INSERT INTO marketplace.clientes (id, nome, email, cidade_id, criado_em) VALUES (39, 'Iara Souza', 'iara.souza6940@mail.com', 71, '2024-02-04 05:50:12');
INSERT INTO marketplace.clientes (id, nome, email, cidade_id, criado_em) VALUES (40, 'Ana Almeida', 'ana.almeida4292@exemplo.com', 42, '2025-07-29 17:32:44');
INSERT INTO marketplace.clientes (id, nome, email, cidade_id, criado_em) VALUES (41, 'Otávio Oliveira', 'otávio.oliveira9190@site.net', 3, '2024-03-27 21:28:49');
INSERT INTO marketplace.clientes (id, nome, email, cidade_id, criado_em) VALUES (42, 'Carla Costa', 'carla.costa6050@mail.com', 150, '2025-03-05 03:48:51');
INSERT INTO marketplace.clientes (id, nome, email, cidade_id, criado_em) VALUES (43, 'Elisa Ribeiro', 'elisa.ribeiro686@exemplo.com', 79, '2024-10-10 05:35:48');
INSERT INTO marketplace.clientes (id, nome, email, cidade_id, criado_em) VALUES (44, 'Zeca Souza', 'zeca.souza3442@dominio.org', 175, '2024-07-12 19:34:17');
INSERT INTO marketplace.clientes (id, nome, email, cidade_id, criado_em) VALUES (45, 'Vitor Torres', 'vitor.torres9174@dominio.org', 105, '2025-04-27 01:58:08');
INSERT INTO marketplace.clientes (id, nome, email, cidade_id, criado_em) VALUES (46, 'Xenia Costa', 'xenia.costa2663@exemplo.com', 46, '2024-11-16 05:43:29');
INSERT INTO marketplace.clientes (id, nome, email, cidade_id, criado_em) VALUES (47, 'Ana Lima', 'ana.lima6746@dominio.org', 172, '2025-07-24 22:27:56');
INSERT INTO marketplace.clientes (id, nome, email, cidade_id, criado_em) VALUES (48, 'Zeca Rocha', 'zeca.rocha2609@dominio.org', 180, '2024-03-24 23:02:54');
INSERT INTO marketplace.clientes (id, nome, email, cidade_id, criado_em) VALUES (49, 'Marina Souza', 'marina.souza3645@site.net', 52, '2025-09-26 06:16:39');
INSERT INTO marketplace.clientes (id, nome, email, cidade_id, criado_em) VALUES (50, 'Otávio Gomes', 'otávio.gomes3729@dominio.org', 58, '2024-01-19 09:08:13');
INSERT INTO marketplace.clientes (id, nome, email, cidade_id, criado_em) VALUES (51, 'Vitor Nunes', 'vitor.nunes5379@site.net', 72, '2024-02-23 22:05:47');
INSERT INTO marketplace.clientes (id, nome, email, cidade_id, criado_em) VALUES (52, 'Yara Pereira', 'yara.pereira8347@dominio.org', 103, '2025-06-11 19:08:08');
INSERT INTO marketplace.clientes (id, nome, email, cidade_id, criado_em) VALUES (53, 'Rafaela Almeida', 'rafaela.almeida1890@mail.com', 67, '2024-05-18 16:44:43');
INSERT INTO marketplace.clientes (id, nome, email, cidade_id, criado_em) VALUES (54, 'Sergio Pereira', 'sergio.pereira1777@mail.com', 153, '2024-12-03 12:51:20');
INSERT INTO marketplace.clientes (id, nome, email, cidade_id, criado_em) VALUES (55, 'Lucas Almeida', 'lucas.almeida9933@site.net', 131, '2024-03-30 19:47:37');
INSERT INTO marketplace.clientes (id, nome, email, cidade_id, criado_em) VALUES (56, 'Marina Teixeira', 'marina.teixeira4174@exemplo.com', 12, '2025-07-04 12:42:55');
INSERT INTO marketplace.clientes (id, nome, email, cidade_id, criado_em) VALUES (57, 'Nina Silva', 'nina.silva5968@exemplo.com', 111, '2024-02-24 08:24:22');
INSERT INTO marketplace.clientes (id, nome, email, cidade_id, criado_em) VALUES (58, 'Vitor Almeida', 'vitor.almeida2042@dominio.org', 185, '2024-08-21 06:24:46');
INSERT INTO marketplace.clientes (id, nome, email, cidade_id, criado_em) VALUES (59, 'Quintino Barbosa', 'quintino.barbosa5345@site.net', 104, '2025-06-25 12:54:24');
INSERT INTO marketplace.clientes (id, nome, email, cidade_id, criado_em) VALUES (60, 'João Oliveira', 'joão.oliveira3144@exemplo.com', 108, '2025-05-31 11:10:58');
INSERT INTO marketplace.clientes (id, nome, email, cidade_id, criado_em) VALUES (61, 'Marina Lima', 'marina.lima6654@dominio.org', 141, '2024-01-01 07:34:02');
INSERT INTO marketplace.clientes (id, nome, email, cidade_id, criado_em) VALUES (62, 'João Barbosa', 'joão.barbosa7044@exemplo.com', 149, '2025-04-16 04:59:28');
INSERT INTO marketplace.clientes (id, nome, email, cidade_id, criado_em) VALUES (63, 'Ursula Almeida', 'ursula.almeida7239@site.net', 114, '2025-06-08 18:36:16');
INSERT INTO marketplace.clientes (id, nome, email, cidade_id, criado_em) VALUES (64, 'Gabriela Cunha', 'gabriela.cunha2781@site.net', 169, '2024-03-06 20:42:12');
INSERT INTO marketplace.clientes (id, nome, email, cidade_id, criado_em) VALUES (65, 'João Cunha', 'joão.cunha1531@dominio.org', 193, '2024-07-01 10:16:04');
INSERT INTO marketplace.clientes (id, nome, email, cidade_id, criado_em) VALUES (66, 'Vitor Barbosa', 'vitor.barbosa3263@exemplo.com', 38, '2024-01-19 23:19:20');
INSERT INTO marketplace.clientes (id, nome, email, cidade_id, criado_em) VALUES (67, 'Bruno Rocha', 'bruno.rocha1194@site.net', 117, '2024-11-17 21:44:25');
INSERT INTO marketplace.clientes (id, nome, email, cidade_id, criado_em) VALUES (68, 'Ursula Teixeira', 'ursula.teixeira6292@exemplo.com', 127, '2024-11-06 10:04:09');
INSERT INTO marketplace.clientes (id, nome, email, cidade_id, criado_em) VALUES (69, 'Heitor Costa', 'heitor.costa1747@mail.com', 200, '2024-11-26 05:17:58');
INSERT INTO marketplace.clientes (id, nome, email, cidade_id, criado_em) VALUES (70, 'Heitor Lima', 'heitor.lima823@site.net', 143, '2024-07-12 13:23:33');
INSERT INTO marketplace.clientes (id, nome, email, cidade_id, criado_em) VALUES (71, 'Diego Santos', 'diego.santos7613@exemplo.com', 171, '2025-02-16 13:00:57');
INSERT INTO marketplace.clientes (id, nome, email, cidade_id, criado_em) VALUES (72, 'Rafaela Almeida', 'rafaela.almeida8271@site.net', 110, '2025-03-01 13:04:24');
INSERT INTO marketplace.clientes (id, nome, email, cidade_id, criado_em) VALUES (73, 'Otávio Lima', 'otávio.lima7374@site.net', 67, '2025-08-06 22:08:06');
INSERT INTO marketplace.clientes (id, nome, email, cidade_id, criado_em) VALUES (74, 'Heitor Pereira', 'heitor.pereira3920@site.net', 71, '2024-12-07 15:49:10');
INSERT INTO marketplace.clientes (id, nome, email, cidade_id, criado_em) VALUES (75, 'Carla Barbosa', 'carla.barbosa4452@exemplo.com', 86, '2024-09-05 07:49:05');
INSERT INTO marketplace.clientes (id, nome, email, cidade_id, criado_em) VALUES (76, 'Rafaela Mendes', 'rafaela.mendes2472@exemplo.com', 60, '2024-10-24 12:17:43');
INSERT INTO marketplace.clientes (id, nome, email, cidade_id, criado_em) VALUES (77, 'Wagner Costa', 'wagner.costa1053@exemplo.com', 107, '2024-11-12 14:12:10');
INSERT INTO marketplace.clientes (id, nome, email, cidade_id, criado_em) VALUES (78, 'Karina Oliveira', 'karina.oliveira6813@site.net', 16, '2024-06-09 15:40:20');
INSERT INTO marketplace.clientes (id, nome, email, cidade_id, criado_em) VALUES (79, 'Nina Carvalho', 'nina.carvalho9433@mail.com', 98, '2025-01-05 11:32:48');
INSERT INTO marketplace.clientes (id, nome, email, cidade_id, criado_em) VALUES (80, 'Ana Gomes', 'ana.gomes6390@dominio.org', 108, '2025-02-22 01:09:30');
INSERT INTO marketplace.clientes (id, nome, email, cidade_id, criado_em) VALUES (81, 'Xenia Oliveira', 'xenia.oliveira8000@exemplo.com', 57, '2024-07-30 23:52:58');
INSERT INTO marketplace.clientes (id, nome, email, cidade_id, criado_em) VALUES (82, 'Nina Araujo', 'nina.araujo6372@mail.com', 87, '2025-06-03 12:42:28');
INSERT INTO marketplace.clientes (id, nome, email, cidade_id, criado_em) VALUES (83, 'Vitor Carvalho', 'vitor.carvalho7658@exemplo.com', 33, '2025-04-28 07:42:37');
INSERT INTO marketplace.clientes (id, nome, email, cidade_id, criado_em) VALUES (84, 'Rafaela Silva', 'rafaela.silva9698@site.net', 145, '2025-05-29 23:12:40');
INSERT INTO marketplace.clientes (id, nome, email, cidade_id, criado_em) VALUES (85, 'Ana Mendes', 'ana.mendes2224@site.net', 119, '2024-05-21 03:40:28');
INSERT INTO marketplace.clientes (id, nome, email, cidade_id, criado_em) VALUES (86, 'Bruno Pereira', 'bruno.pereira5364@site.net', 55, '2024-12-19 04:12:35');
INSERT INTO marketplace.clientes (id, nome, email, cidade_id, criado_em) VALUES (87, 'Karina Almeida', 'karina.almeida4559@site.net', 193, '2024-11-23 10:32:16');
INSERT INTO marketplace.clientes (id, nome, email, cidade_id, criado_em) VALUES (88, 'Iara Mendes', 'iara.mendes318@site.net', 192, '2025-02-22 23:29:59');
INSERT INTO marketplace.clientes (id, nome, email, cidade_id, criado_em) VALUES (89, 'Bruno Gomes', 'bruno.gomes1125@exemplo.com', 200, '2025-05-21 05:35:14');
INSERT INTO marketplace.clientes (id, nome, email, cidade_id, criado_em) VALUES (90, 'Bruno Silva', 'bruno.silva3267@exemplo.com', 6, '2025-04-27 14:32:10');
INSERT INTO marketplace.clientes (id, nome, email, cidade_id, criado_em) VALUES (91, 'Elisa Rocha', 'elisa.rocha7759@exemplo.com', 172, '2024-03-29 20:22:25');
INSERT INTO marketplace.clientes (id, nome, email, cidade_id, criado_em) VALUES (92, 'Sergio Nunes', 'sergio.nunes4199@site.net', 197, '2024-10-13 12:42:16');
INSERT INTO marketplace.clientes (id, nome, email, cidade_id, criado_em) VALUES (93, 'Fernando Torres', 'fernando.torres5097@exemplo.com', 28, '2025-03-25 11:27:55');
INSERT INTO marketplace.clientes (id, nome, email, cidade_id, criado_em) VALUES (94, 'Ana Barbosa', 'ana.barbosa6499@site.net', 184, '2024-06-03 01:08:06');
INSERT INTO marketplace.clientes (id, nome, email, cidade_id, criado_em) VALUES (95, 'Carla Teixeira', 'carla.teixeira1670@exemplo.com', 179, '2025-08-23 00:05:14');
INSERT INTO marketplace.clientes (id, nome, email, cidade_id, criado_em) VALUES (96, 'João Torres', 'joão.torres5689@mail.com', 137, '2024-11-28 17:32:41');
INSERT INTO marketplace.clientes (id, nome, email, cidade_id, criado_em) VALUES (97, 'Vitor Gomes', 'vitor.gomes8290@mail.com', 166, '2024-09-22 01:00:36');
INSERT INTO marketplace.clientes (id, nome, email, cidade_id, criado_em) VALUES (98, 'Ana Ribeiro', 'ana.ribeiro1730@site.net', 111, '2024-10-08 07:40:27');
INSERT INTO marketplace.clientes (id, nome, email, cidade_id, criado_em) VALUES (99, 'Ursula Santos', 'ursula.santos7136@exemplo.com', 46, '2025-07-23 22:56:09');
INSERT INTO marketplace.clientes (id, nome, email, cidade_id, criado_em) VALUES (100, 'Quintino Pereira', 'quintino.pereira7617@site.net', 112, '2025-07-21 19:18:58');
INSERT INTO marketplace.clientes (id, nome, email, cidade_id, criado_em) VALUES (101, 'Sergio Pereira', 'sergio.pereira4023@dominio.org', 23, '2024-08-04 15:35:57');
INSERT INTO marketplace.clientes (id, nome, email, cidade_id, criado_em) VALUES (102, 'Otávio Rocha', 'otávio.rocha9337@site.net', 157, '2025-06-02 23:56:09');
INSERT INTO marketplace.clientes (id, nome, email, cidade_id, criado_em) VALUES (103, 'Marina Almeida', 'marina.almeida8099@mail.com', 84, '2024-05-21 05:44:26');
INSERT INTO marketplace.clientes (id, nome, email, cidade_id, criado_em) VALUES (104, 'Paula Nunes', 'paula.nunes4233@dominio.org', 88, '2024-08-05 05:12:43');
INSERT INTO marketplace.clientes (id, nome, email, cidade_id, criado_em) VALUES (105, 'Tiago Pereira', 'tiago.pereira8465@mail.com', 49, '2024-03-07 11:56:28');
INSERT INTO marketplace.clientes (id, nome, email, cidade_id, criado_em) VALUES (106, 'Heitor Ribeiro', 'heitor.ribeiro9097@site.net', 195, '2024-07-05 15:57:46');
INSERT INTO marketplace.clientes (id, nome, email, cidade_id, criado_em) VALUES (107, 'Wagner Araujo', 'wagner.araujo7343@site.net', 5, '2024-03-13 06:38:24');
INSERT INTO marketplace.clientes (id, nome, email, cidade_id, criado_em) VALUES (108, 'João Rocha', 'joão.rocha3987@site.net', 79, '2025-05-30 17:06:42');
INSERT INTO marketplace.clientes (id, nome, email, cidade_id, criado_em) VALUES (109, 'Sergio Gomes', 'sergio.gomes9069@site.net', 136, '2024-09-24 00:06:08');
INSERT INTO marketplace.clientes (id, nome, email, cidade_id, criado_em) VALUES (110, 'Nina Oliveira', 'nina.oliveira5765@dominio.org', 180, '2024-12-18 10:25:29');
INSERT INTO marketplace.clientes (id, nome, email, cidade_id, criado_em) VALUES (111, 'Iara Barbosa', 'iara.barbosa3778@dominio.org', 31, '2025-07-14 05:42:52');
INSERT INTO marketplace.clientes (id, nome, email, cidade_id, criado_em) VALUES (112, 'Gabriela Almeida', 'gabriela.almeida8780@mail.com', 196, '2025-06-20 01:34:52');
INSERT INTO marketplace.clientes (id, nome, email, cidade_id, criado_em) VALUES (113, 'Fernando Nunes', 'fernando.nunes7934@exemplo.com', 71, '2025-07-16 19:14:36');
INSERT INTO marketplace.clientes (id, nome, email, cidade_id, criado_em) VALUES (114, 'Sergio Cunha', 'sergio.cunha1648@dominio.org', 50, '2024-08-18 02:26:03');
INSERT INTO marketplace.clientes (id, nome, email, cidade_id, criado_em) VALUES (115, 'Heitor Gomes', 'heitor.gomes4953@exemplo.com', 4, '2025-07-03 22:25:16');
INSERT INTO marketplace.clientes (id, nome, email, cidade_id, criado_em) VALUES (116, 'Rafaela Costa', 'rafaela.costa746@dominio.org', 14, '2025-03-05 19:21:31');
INSERT INTO marketplace.clientes (id, nome, email, cidade_id, criado_em) VALUES (117, 'João Costa', 'joão.costa1681@site.net', 4, '2025-03-21 21:19:57');
INSERT INTO marketplace.clientes (id, nome, email, cidade_id, criado_em) VALUES (118, 'João Araujo', 'joão.araujo7217@site.net', 88, '2024-05-23 04:47:16');
INSERT INTO marketplace.clientes (id, nome, email, cidade_id, criado_em) VALUES (119, 'Bruno Pereira', 'bruno.pereira1870@site.net', 17, '2024-11-07 05:43:41');
INSERT INTO marketplace.clientes (id, nome, email, cidade_id, criado_em) VALUES (120, 'Paula Mendes', 'paula.mendes2486@mail.com', 39, '2025-09-22 00:47:03');
INSERT INTO marketplace.clientes (id, nome, email, cidade_id, criado_em) VALUES (121, 'Sergio Barbosa', 'sergio.barbosa4067@mail.com', 31, '2025-03-09 11:14:07');
INSERT INTO marketplace.clientes (id, nome, email, cidade_id, criado_em) VALUES (122, 'Yara Ribeiro', 'yara.ribeiro8562@exemplo.com', 98, '2024-12-15 22:11:53');
INSERT INTO marketplace.clientes (id, nome, email, cidade_id, criado_em) VALUES (123, 'Otávio Barbosa', 'otávio.barbosa5004@site.net', 146, '2025-04-27 08:47:18');
INSERT INTO marketplace.clientes (id, nome, email, cidade_id, criado_em) VALUES (124, 'Bruno Torres', 'bruno.torres3458@exemplo.com', 68, '2025-05-27 23:16:22');
INSERT INTO marketplace.clientes (id, nome, email, cidade_id, criado_em) VALUES (125, 'Carla Lima', 'carla.lima2848@exemplo.com', 142, '2024-02-28 07:18:38');
INSERT INTO marketplace.clientes (id, nome, email, cidade_id, criado_em) VALUES (126, 'Fernando Silva', 'fernando.silva7382@site.net', 177, '2025-04-06 05:26:34');
INSERT INTO marketplace.clientes (id, nome, email, cidade_id, criado_em) VALUES (127, 'Paula Barbosa', 'paula.barbosa3793@mail.com', 74, '2025-07-03 02:36:42');
INSERT INTO marketplace.clientes (id, nome, email, cidade_id, criado_em) VALUES (128, 'João Santos', 'joão.santos3825@mail.com', 68, '2025-09-03 22:10:43');
INSERT INTO marketplace.clientes (id, nome, email, cidade_id, criado_em) VALUES (129, 'Zeca Teixeira', 'zeca.teixeira6966@exemplo.com', 30, '2025-02-26 23:22:42');
INSERT INTO marketplace.clientes (id, nome, email, cidade_id, criado_em) VALUES (130, 'Heitor Costa', 'heitor.costa2331@dominio.org', 19, '2024-02-16 07:44:01');
INSERT INTO marketplace.clientes (id, nome, email, cidade_id, criado_em) VALUES (131, 'Fernando Barbosa', 'fernando.barbosa7196@dominio.org', 32, '2024-12-30 01:09:48');
INSERT INTO marketplace.clientes (id, nome, email, cidade_id, criado_em) VALUES (132, 'Wagner Barbosa', 'wagner.barbosa4461@site.net', 129, '2025-02-23 09:59:09');
INSERT INTO marketplace.clientes (id, nome, email, cidade_id, criado_em) VALUES (133, 'Paula Santos', 'paula.santos9799@mail.com', 11, '2024-12-01 13:35:52');
INSERT INTO marketplace.clientes (id, nome, email, cidade_id, criado_em) VALUES (134, 'Xenia Almeida', 'xenia.almeida424@dominio.org', 24, '2024-06-26 19:27:37');
INSERT INTO marketplace.clientes (id, nome, email, cidade_id, criado_em) VALUES (135, 'Vitor Teixeira', 'vitor.teixeira4416@mail.com', 148, '2024-02-01 05:58:21');
INSERT INTO marketplace.clientes (id, nome, email, cidade_id, criado_em) VALUES (136, 'Yara Lima', 'yara.lima8503@site.net', 167, '2024-12-09 11:45:12');
INSERT INTO marketplace.clientes (id, nome, email, cidade_id, criado_em) VALUES (137, 'Iara Lima', 'iara.lima8057@site.net', 24, '2024-12-31 01:37:43');
INSERT INTO marketplace.clientes (id, nome, email, cidade_id, criado_em) VALUES (138, 'Lucas Ribeiro', 'lucas.ribeiro5261@dominio.org', 172, '2024-03-22 05:52:59');
INSERT INTO marketplace.clientes (id, nome, email, cidade_id, criado_em) VALUES (139, 'Fernando Almeida', 'fernando.almeida8118@site.net', 74, '2025-05-29 15:27:08');
INSERT INTO marketplace.clientes (id, nome, email, cidade_id, criado_em) VALUES (140, 'Marina Oliveira', 'marina.oliveira7452@mail.com', 23, '2024-09-01 07:01:29');
INSERT INTO marketplace.clientes (id, nome, email, cidade_id, criado_em) VALUES (141, 'Iara Almeida', 'iara.almeida6623@mail.com', 132, '2024-01-01 21:27:26');
INSERT INTO marketplace.clientes (id, nome, email, cidade_id, criado_em) VALUES (142, 'Vitor Oliveira', 'vitor.oliveira6771@site.net', 14, '2024-05-25 16:47:31');
INSERT INTO marketplace.clientes (id, nome, email, cidade_id, criado_em) VALUES (143, 'Quintino Gomes', 'quintino.gomes7243@site.net', 195, '2024-02-10 02:06:47');
INSERT INTO marketplace.clientes (id, nome, email, cidade_id, criado_em) VALUES (144, 'Gabriela Pereira', 'gabriela.pereira4720@exemplo.com', 113, '2025-06-26 08:19:26');
INSERT INTO marketplace.clientes (id, nome, email, cidade_id, criado_em) VALUES (145, 'Paula Torres', 'paula.torres9976@mail.com', 62, '2025-07-05 07:18:39');
INSERT INTO marketplace.clientes (id, nome, email, cidade_id, criado_em) VALUES (146, 'Fernando Barbosa', 'fernando.barbosa9049@mail.com', 105, '2024-03-13 09:32:43');
INSERT INTO marketplace.clientes (id, nome, email, cidade_id, criado_em) VALUES (147, 'Heitor Torres', 'heitor.torres1925@site.net', 166, '2024-04-29 14:13:47');
INSERT INTO marketplace.clientes (id, nome, email, cidade_id, criado_em) VALUES (148, 'Paula Barbosa', 'paula.barbosa6808@dominio.org', 124, '2025-01-01 18:48:53');
INSERT INTO marketplace.clientes (id, nome, email, cidade_id, criado_em) VALUES (149, 'Heitor Santos', 'heitor.santos6285@exemplo.com', 49, '2025-04-10 13:12:29');
INSERT INTO marketplace.clientes (id, nome, email, cidade_id, criado_em) VALUES (150, 'Quintino Costa', 'quintino.costa4527@mail.com', 198, '2025-09-05 14:46:57');
INSERT INTO marketplace.clientes (id, nome, email, cidade_id, criado_em) VALUES (151, 'Nina Almeida', 'nina.almeida43@dominio.org', 73, '2025-07-17 22:34:16');
INSERT INTO marketplace.clientes (id, nome, email, cidade_id, criado_em) VALUES (152, 'João Teixeira', 'joão.teixeira2435@site.net', 115, '2025-02-22 07:52:10');
INSERT INTO marketplace.clientes (id, nome, email, cidade_id, criado_em) VALUES (153, 'Paula Gomes', 'paula.gomes9043@dominio.org', 196, '2025-02-26 02:16:14');
INSERT INTO marketplace.clientes (id, nome, email, cidade_id, criado_em) VALUES (154, 'Marina Santos', 'marina.santos3091@dominio.org', 179, '2024-07-04 11:39:28');
INSERT INTO marketplace.clientes (id, nome, email, cidade_id, criado_em) VALUES (155, 'Sergio Carvalho', 'sergio.carvalho6731@exemplo.com', 12, '2024-09-04 03:14:11');
INSERT INTO marketplace.clientes (id, nome, email, cidade_id, criado_em) VALUES (156, 'Xenia Araujo', 'xenia.araujo6326@site.net', 170, '2025-09-07 11:17:18');
INSERT INTO marketplace.clientes (id, nome, email, cidade_id, criado_em) VALUES (157, 'Ursula Costa', 'ursula.costa607@site.net', 33, '2025-01-25 03:23:08');
INSERT INTO marketplace.clientes (id, nome, email, cidade_id, criado_em) VALUES (158, 'Sergio Almeida', 'sergio.almeida7214@mail.com', 26, '2025-02-12 12:26:19');
INSERT INTO marketplace.clientes (id, nome, email, cidade_id, criado_em) VALUES (159, 'Otávio Silva', 'otávio.silva6718@exemplo.com', 168, '2024-04-29 21:30:06');
INSERT INTO marketplace.clientes (id, nome, email, cidade_id, criado_em) VALUES (160, 'Carla Araujo', 'carla.araujo5547@dominio.org', 160, '2025-06-22 00:56:58');
INSERT INTO marketplace.clientes (id, nome, email, cidade_id, criado_em) VALUES (161, 'Marina Mendes', 'marina.mendes8743@dominio.org', 98, '2024-09-02 22:59:30');
INSERT INTO marketplace.clientes (id, nome, email, cidade_id, criado_em) VALUES (162, 'Ursula Araujo', 'ursula.araujo1122@mail.com', 61, '2025-05-05 05:41:38');
INSERT INTO marketplace.clientes (id, nome, email, cidade_id, criado_em) VALUES (163, 'Vitor Barbosa', 'vitor.barbosa1481@exemplo.com', 112, '2024-03-17 11:06:46');
INSERT INTO marketplace.clientes (id, nome, email, cidade_id, criado_em) VALUES (164, 'Yara Torres', 'yara.torres2726@site.net', 178, '2024-08-20 14:27:08');
INSERT INTO marketplace.clientes (id, nome, email, cidade_id, criado_em) VALUES (165, 'Ana Souza', 'ana.souza920@dominio.org', 76, '2024-10-05 10:14:27');
INSERT INTO marketplace.clientes (id, nome, email, cidade_id, criado_em) VALUES (166, 'Lucas Ribeiro', 'lucas.ribeiro4001@exemplo.com', 136, '2024-11-16 01:12:04');
INSERT INTO marketplace.clientes (id, nome, email, cidade_id, criado_em) VALUES (167, 'Sergio Lima', 'sergio.lima2869@exemplo.com', 21, '2025-04-18 09:45:01');
INSERT INTO marketplace.clientes (id, nome, email, cidade_id, criado_em) VALUES (168, 'Marina Rocha', 'marina.rocha9555@site.net', 37, '2024-06-29 08:18:22');
INSERT INTO marketplace.clientes (id, nome, email, cidade_id, criado_em) VALUES (169, 'Otávio Pereira', 'otávio.pereira4184@site.net', 171, '2024-01-08 07:10:50');
INSERT INTO marketplace.clientes (id, nome, email, cidade_id, criado_em) VALUES (170, 'Zeca Santos', 'zeca.santos8956@dominio.org', 41, '2024-02-27 08:53:08');
INSERT INTO marketplace.clientes (id, nome, email, cidade_id, criado_em) VALUES (171, 'Otávio Gomes', 'otávio.gomes6952@dominio.org', 177, '2024-07-13 06:10:07');
INSERT INTO marketplace.clientes (id, nome, email, cidade_id, criado_em) VALUES (172, 'Otávio Barbosa', 'otávio.barbosa6303@exemplo.com', 124, '2024-03-23 20:09:39');
INSERT INTO marketplace.clientes (id, nome, email, cidade_id, criado_em) VALUES (173, 'Heitor Carvalho', 'heitor.carvalho9418@dominio.org', 76, '2025-06-27 03:30:24');
INSERT INTO marketplace.clientes (id, nome, email, cidade_id, criado_em) VALUES (174, 'João Silva', 'joão.silva4498@site.net', 3, '2025-03-15 13:40:53');
INSERT INTO marketplace.clientes (id, nome, email, cidade_id, criado_em) VALUES (175, 'Vitor Souza', 'vitor.souza4690@site.net', 199, '2025-09-12 11:49:55');
INSERT INTO marketplace.clientes (id, nome, email, cidade_id, criado_em) VALUES (176, 'Heitor Gomes', 'heitor.gomes3116@exemplo.com', 159, '2024-07-13 16:01:19');
INSERT INTO marketplace.clientes (id, nome, email, cidade_id, criado_em) VALUES (177, 'Vitor Costa', 'vitor.costa646@mail.com', 80, '2025-09-04 12:45:53');
INSERT INTO marketplace.clientes (id, nome, email, cidade_id, criado_em) VALUES (178, 'Otávio Souza', 'otávio.souza2154@dominio.org', 24, '2024-08-17 05:15:27');
INSERT INTO marketplace.clientes (id, nome, email, cidade_id, criado_em) VALUES (179, 'Karina Ribeiro', 'karina.ribeiro3290@exemplo.com', 34, '2025-09-02 21:39:41');
INSERT INTO marketplace.clientes (id, nome, email, cidade_id, criado_em) VALUES (180, 'Rafaela Gomes', 'rafaela.gomes2696@dominio.org', 66, '2025-01-09 06:17:40');
INSERT INTO marketplace.clientes (id, nome, email, cidade_id, criado_em) VALUES (181, 'Zeca Barbosa', 'zeca.barbosa1887@dominio.org', 120, '2024-02-28 11:40:54');
INSERT INTO marketplace.clientes (id, nome, email, cidade_id, criado_em) VALUES (182, 'Elisa Rocha', 'elisa.rocha9132@site.net', 94, '2024-03-11 03:22:03');
INSERT INTO marketplace.clientes (id, nome, email, cidade_id, criado_em) VALUES (183, 'Zeca Carvalho', 'zeca.carvalho4333@mail.com', 138, '2024-04-05 23:51:39');
INSERT INTO marketplace.clientes (id, nome, email, cidade_id, criado_em) VALUES (184, 'Otávio Gomes', 'otávio.gomes9578@dominio.org', 98, '2025-09-30 18:58:10');
INSERT INTO marketplace.clientes (id, nome, email, cidade_id, criado_em) VALUES (185, 'Ursula Gomes', 'ursula.gomes3831@mail.com', 121, '2024-01-20 10:29:35');
INSERT INTO marketplace.clientes (id, nome, email, cidade_id, criado_em) VALUES (186, 'Tiago Oliveira', 'tiago.oliveira9996@dominio.org', 57, '2025-05-18 01:06:55');
INSERT INTO marketplace.clientes (id, nome, email, cidade_id, criado_em) VALUES (187, 'Carla Santos', 'carla.santos6690@dominio.org', 30, '2024-04-18 13:37:56');
INSERT INTO marketplace.clientes (id, nome, email, cidade_id, criado_em) VALUES (188, 'Bruno Souza', 'bruno.souza8072@dominio.org', 30, '2024-03-16 11:47:24');
INSERT INTO marketplace.clientes (id, nome, email, cidade_id, criado_em) VALUES (189, 'Heitor Oliveira', 'heitor.oliveira6368@exemplo.com', 117, '2024-10-15 04:09:21');
INSERT INTO marketplace.clientes (id, nome, email, cidade_id, criado_em) VALUES (190, 'Vitor Oliveira', 'vitor.oliveira9623@site.net', 191, '2025-07-18 08:47:23');
INSERT INTO marketplace.clientes (id, nome, email, cidade_id, criado_em) VALUES (191, 'Elisa Ribeiro', 'elisa.ribeiro8018@mail.com', 158, '2024-11-12 23:49:53');
INSERT INTO marketplace.clientes (id, nome, email, cidade_id, criado_em) VALUES (192, 'Iara Souza', 'iara.souza3560@dominio.org', 114, '2024-12-11 09:43:53');
INSERT INTO marketplace.clientes (id, nome, email, cidade_id, criado_em) VALUES (193, 'Heitor Gomes', 'heitor.gomes6019@mail.com', 140, '2025-05-15 20:26:34');
INSERT INTO marketplace.clientes (id, nome, email, cidade_id, criado_em) VALUES (194, 'Lucas Souza', 'lucas.souza4521@site.net', 49, '2024-04-04 21:13:19');
INSERT INTO marketplace.clientes (id, nome, email, cidade_id, criado_em) VALUES (195, 'Otávio Mendes', 'otávio.mendes9784@exemplo.com', 6, '2024-02-09 06:51:06');
INSERT INTO marketplace.clientes (id, nome, email, cidade_id, criado_em) VALUES (196, 'Zeca Almeida', 'zeca.almeida2064@exemplo.com', 145, '2024-06-08 09:18:33');
INSERT INTO marketplace.clientes (id, nome, email, cidade_id, criado_em) VALUES (197, 'Carla Oliveira', 'carla.oliveira9608@exemplo.com', 56, '2025-09-23 12:24:21');
INSERT INTO marketplace.clientes (id, nome, email, cidade_id, criado_em) VALUES (198, 'Heitor Almeida', 'heitor.almeida9765@exemplo.com', 1, '2024-08-03 08:46:39');
INSERT INTO marketplace.clientes (id, nome, email, cidade_id, criado_em) VALUES (199, 'Elisa Costa', 'elisa.costa2859@dominio.org', 29, '2025-05-28 11:00:27');
INSERT INTO marketplace.clientes (id, nome, email, cidade_id, criado_em) VALUES (200, 'Ana Costa', 'ana.costa5870@mail.com', 61, '2025-04-02 09:00:50');

create table marketplace.vendedores(
  id int primary key,
  nome_fantasia text not null,
  cnpj text not null,
  cidade_id int references marketplace.cidades(id),
  criado_em date
);

INSERT INTO marketplace.vendedores (id, nome_fantasia, cnpj, cidade_id, criado_em) VALUES (1, 'Loja Karina Silva', '24026811775891', 116, '2025-01-26 08:14:02');
INSERT INTO marketplace.vendedores (id, nome_fantasia, cnpj, cidade_id, criado_em) VALUES (2, 'Loja Heitor Souza', '84700766177115', 156, '2024-04-25 05:08:34');
INSERT INTO marketplace.vendedores (id, nome_fantasia, cnpj, cidade_id, criado_em) VALUES (3, 'Loja Carla Costa', '49985698478961', 180, '2024-03-29 20:49:58');
INSERT INTO marketplace.vendedores (id, nome_fantasia, cnpj, cidade_id, criado_em) VALUES (4, 'Loja Ursula Oliveira', '36736576615654', 96, '2024-04-28 13:23:44');
INSERT INTO marketplace.vendedores (id, nome_fantasia, cnpj, cidade_id, criado_em) VALUES (5, 'Loja Vitor Araujo', '11116152809885', 172, '2024-04-04 22:33:22');
INSERT INTO marketplace.vendedores (id, nome_fantasia, cnpj, cidade_id, criado_em) VALUES (6, 'Loja Nina Gomes', '60494519832731', 90, '2025-03-08 01:32:24');
INSERT INTO marketplace.vendedores (id, nome_fantasia, cnpj, cidade_id, criado_em) VALUES (7, 'Loja Lucas Torres', '49368998094024', 180, '2025-08-15 04:20:36');
INSERT INTO marketplace.vendedores (id, nome_fantasia, cnpj, cidade_id, criado_em) VALUES (8, 'Loja João Almeida', '50229612018366', 117, '2024-09-21 18:45:42');
INSERT INTO marketplace.vendedores (id, nome_fantasia, cnpj, cidade_id, criado_em) VALUES (9, 'Loja Fernando Gomes', '45991022901476', 125, '2025-04-16 12:43:01');
INSERT INTO marketplace.vendedores (id, nome_fantasia, cnpj, cidade_id, criado_em) VALUES (10, 'Loja Otávio Ribeiro', '43815614978403', 102, '2025-04-10 12:13:37');
INSERT INTO marketplace.vendedores (id, nome_fantasia, cnpj, cidade_id, criado_em) VALUES (11, 'Loja Bruno Silva', '34324451076226', 137, '2025-06-30 13:22:59');
INSERT INTO marketplace.vendedores (id, nome_fantasia, cnpj, cidade_id, criado_em) VALUES (12, 'Loja Heitor Cunha', '85160607159696', 182, '2025-05-12 05:06:20');
INSERT INTO marketplace.vendedores (id, nome_fantasia, cnpj, cidade_id, criado_em) VALUES (13, 'Loja Nina Barbosa', '16052975161369', 103, '2025-02-10 23:22:11');
INSERT INTO marketplace.vendedores (id, nome_fantasia, cnpj, cidade_id, criado_em) VALUES (14, 'Loja Carla Carvalho', '45352181883552', 61, '2024-03-20 20:24:55');
INSERT INTO marketplace.vendedores (id, nome_fantasia, cnpj, cidade_id, criado_em) VALUES (15, 'Loja Elisa Pereira', '32921277997995', 161, '2024-09-02 13:15:22');
INSERT INTO marketplace.vendedores (id, nome_fantasia, cnpj, cidade_id, criado_em) VALUES (16, 'Loja Elisa Santos', '17744905814770', 15, '2024-10-13 09:46:01');
INSERT INTO marketplace.vendedores (id, nome_fantasia, cnpj, cidade_id, criado_em) VALUES (17, 'Loja João Mendes', '19986798079359', 122, '2025-01-24 10:09:50');
INSERT INTO marketplace.vendedores (id, nome_fantasia, cnpj, cidade_id, criado_em) VALUES (18, 'Loja Elisa Souza', '71518203778892', 94, '2024-10-16 14:27:52');
INSERT INTO marketplace.vendedores (id, nome_fantasia, cnpj, cidade_id, criado_em) VALUES (19, 'Loja João Carvalho', '65905151864492', 86, '2024-03-04 07:18:25');
INSERT INTO marketplace.vendedores (id, nome_fantasia, cnpj, cidade_id, criado_em) VALUES (20, 'Loja Sergio Costa', '54629148652816', 131, '2024-10-08 00:57:52');
INSERT INTO marketplace.vendedores (id, nome_fantasia, cnpj, cidade_id, criado_em) VALUES (21, 'Loja Ana Gomes', '42357332214188', 190, '2025-02-12 23:15:39');
INSERT INTO marketplace.vendedores (id, nome_fantasia, cnpj, cidade_id, criado_em) VALUES (22, 'Loja Bruno Almeida', '92962229270653', 114, '2025-04-19 06:19:25');
INSERT INTO marketplace.vendedores (id, nome_fantasia, cnpj, cidade_id, criado_em) VALUES (23, 'Loja João Santos', '38347359774688', 108, '2024-05-05 20:58:59');
INSERT INTO marketplace.vendedores (id, nome_fantasia, cnpj, cidade_id, criado_em) VALUES (24, 'Loja Gabriela Costa', '40758181412478', 38, '2024-12-05 19:04:46');
INSERT INTO marketplace.vendedores (id, nome_fantasia, cnpj, cidade_id, criado_em) VALUES (25, 'Loja Carla Rocha', '75060685361530', 82, '2024-03-17 23:02:35');
INSERT INTO marketplace.vendedores (id, nome_fantasia, cnpj, cidade_id, criado_em) VALUES (26, 'Loja Wagner Almeida', '22047277901043', 39, '2025-03-02 06:27:09');
INSERT INTO marketplace.vendedores (id, nome_fantasia, cnpj, cidade_id, criado_em) VALUES (27, 'Loja Xenia Cunha', '61434103697117', 153, '2025-02-20 08:46:00');
INSERT INTO marketplace.vendedores (id, nome_fantasia, cnpj, cidade_id, criado_em) VALUES (28, 'Loja Ana Cunha', '93246095396218', 93, '2024-02-22 13:38:02');
INSERT INTO marketplace.vendedores (id, nome_fantasia, cnpj, cidade_id, criado_em) VALUES (29, 'Loja Quintino Oliveira', '88806706540515', 62, '2025-07-23 07:00:39');
INSERT INTO marketplace.vendedores (id, nome_fantasia, cnpj, cidade_id, criado_em) VALUES (30, 'Loja Vitor Torres', '95205852772217', 10, '2024-08-15 22:09:57');
INSERT INTO marketplace.vendedores (id, nome_fantasia, cnpj, cidade_id, criado_em) VALUES (31, 'Loja Gabriela Souza', '30548687403450', 168, '2024-09-14 19:31:28');
INSERT INTO marketplace.vendedores (id, nome_fantasia, cnpj, cidade_id, criado_em) VALUES (32, 'Loja Iara Torres', '56676527758416', 21, '2024-11-30 11:05:56');
INSERT INTO marketplace.vendedores (id, nome_fantasia, cnpj, cidade_id, criado_em) VALUES (33, 'Loja Tiago Lima', '84511544796275', 115, '2024-02-02 21:33:26');
INSERT INTO marketplace.vendedores (id, nome_fantasia, cnpj, cidade_id, criado_em) VALUES (34, 'Loja Xenia Gomes', '96401658202970', 33, '2024-02-22 05:19:14');
INSERT INTO marketplace.vendedores (id, nome_fantasia, cnpj, cidade_id, criado_em) VALUES (35, 'Loja Heitor Gomes', '56909275571928', 94, '2024-11-05 03:53:32');
INSERT INTO marketplace.vendedores (id, nome_fantasia, cnpj, cidade_id, criado_em) VALUES (36, 'Loja Karina Pereira', '31027868144739', 74, '2025-06-23 00:44:12');
INSERT INTO marketplace.vendedores (id, nome_fantasia, cnpj, cidade_id, criado_em) VALUES (37, 'Loja Paula Nunes', '12172715518844', 41, '2025-07-06 21:05:00');
INSERT INTO marketplace.vendedores (id, nome_fantasia, cnpj, cidade_id, criado_em) VALUES (38, 'Loja Wagner Lima', '58313237058957', 142, '2024-04-10 19:06:39');
INSERT INTO marketplace.vendedores (id, nome_fantasia, cnpj, cidade_id, criado_em) VALUES (39, 'Loja Tiago Mendes', '14678669125177', 175, '2025-02-05 20:17:22');
INSERT INTO marketplace.vendedores (id, nome_fantasia, cnpj, cidade_id, criado_em) VALUES (40, 'Loja Lucas Costa', '89226801824225', 182, '2024-06-24 03:04:14');
INSERT INTO marketplace.vendedores (id, nome_fantasia, cnpj, cidade_id, criado_em) VALUES (41, 'Loja Lucas Cunha', '41438424981829', 149, '2024-04-29 18:23:22');
INSERT INTO marketplace.vendedores (id, nome_fantasia, cnpj, cidade_id, criado_em) VALUES (42, 'Loja Fernando Almeida', '90010943969078', 75, '2025-05-13 14:01:08');
INSERT INTO marketplace.vendedores (id, nome_fantasia, cnpj, cidade_id, criado_em) VALUES (43, 'Loja João Araujo', '36471027677359', 37, '2024-08-30 18:57:36');
INSERT INTO marketplace.vendedores (id, nome_fantasia, cnpj, cidade_id, criado_em) VALUES (44, 'Loja Wagner Almeida', '56258815371473', 37, '2024-03-16 04:42:00');
INSERT INTO marketplace.vendedores (id, nome_fantasia, cnpj, cidade_id, criado_em) VALUES (45, 'Loja Bruno Barbosa', '69632595327877', 79, '2025-01-21 07:39:14');
INSERT INTO marketplace.vendedores (id, nome_fantasia, cnpj, cidade_id, criado_em) VALUES (46, 'Loja Ana Mendes', '68733950047974', 138, '2024-01-07 08:26:16');
INSERT INTO marketplace.vendedores (id, nome_fantasia, cnpj, cidade_id, criado_em) VALUES (47, 'Loja Diego Ribeiro', '24565060983584', 19, '2024-10-27 02:03:50');
INSERT INTO marketplace.vendedores (id, nome_fantasia, cnpj, cidade_id, criado_em) VALUES (48, 'Loja Quintino Santos', '84991216558523', 155, '2025-01-30 10:43:53');
INSERT INTO marketplace.vendedores (id, nome_fantasia, cnpj, cidade_id, criado_em) VALUES (49, 'Loja Marina Cunha', '00025787298259', 82, '2024-05-06 05:15:27');
INSERT INTO marketplace.vendedores (id, nome_fantasia, cnpj, cidade_id, criado_em) VALUES (50, 'Loja Marina Barbosa', '95888794705516', 150, '2024-08-26 23:31:49');
INSERT INTO marketplace.vendedores (id, nome_fantasia, cnpj, cidade_id, criado_em) VALUES (51, 'Loja Zeca Silva', '97499309728962', 175, '2024-07-07 02:52:16');
INSERT INTO marketplace.vendedores (id, nome_fantasia, cnpj, cidade_id, criado_em) VALUES (52, 'Loja Bruno Teixeira', '13075626368970', 181, '2024-04-17 06:02:38');
INSERT INTO marketplace.vendedores (id, nome_fantasia, cnpj, cidade_id, criado_em) VALUES (53, 'Loja Quintino Nunes', '85786527858549', 124, '2024-05-29 08:03:49');
INSERT INTO marketplace.vendedores (id, nome_fantasia, cnpj, cidade_id, criado_em) VALUES (54, 'Loja Heitor Pereira', '84344375758441', 147, '2025-06-09 13:09:10');
INSERT INTO marketplace.vendedores (id, nome_fantasia, cnpj, cidade_id, criado_em) VALUES (55, 'Loja Rafaela Carvalho', '65240415747338', 70, '2025-03-12 12:46:30');
INSERT INTO marketplace.vendedores (id, nome_fantasia, cnpj, cidade_id, criado_em) VALUES (56, 'Loja Wagner Pereira', '21993308330165', 184, '2025-01-01 22:14:49');
INSERT INTO marketplace.vendedores (id, nome_fantasia, cnpj, cidade_id, criado_em) VALUES (57, 'Loja Diego Costa', '08267734540193', 137, '2025-07-27 18:06:53');
INSERT INTO marketplace.vendedores (id, nome_fantasia, cnpj, cidade_id, criado_em) VALUES (58, 'Loja Xenia Souza', '26206724004991', 86, '2024-08-09 00:36:49');
INSERT INTO marketplace.vendedores (id, nome_fantasia, cnpj, cidade_id, criado_em) VALUES (59, 'Loja Otávio Oliveira', '87287431527420', 189, '2024-09-18 20:13:35');
INSERT INTO marketplace.vendedores (id, nome_fantasia, cnpj, cidade_id, criado_em) VALUES (60, 'Loja Zeca Barbosa', '93296685161227', 83, '2024-07-11 15:55:58');
INSERT INTO marketplace.vendedores (id, nome_fantasia, cnpj, cidade_id, criado_em) VALUES (61, 'Loja Ana Pereira', '63745499045301', 120, '2024-08-26 07:17:05');
INSERT INTO marketplace.vendedores (id, nome_fantasia, cnpj, cidade_id, criado_em) VALUES (62, 'Loja Fernando Carvalho', '84145933272795', 107, '2025-06-29 05:07:24');
INSERT INTO marketplace.vendedores (id, nome_fantasia, cnpj, cidade_id, criado_em) VALUES (63, 'Loja Rafaela Araujo', '83391878519108', 130, '2024-06-06 00:28:31');
INSERT INTO marketplace.vendedores (id, nome_fantasia, cnpj, cidade_id, criado_em) VALUES (64, 'Loja Sergio Oliveira', '22587139718707', 34, '2025-02-02 15:37:59');
INSERT INTO marketplace.vendedores (id, nome_fantasia, cnpj, cidade_id, criado_em) VALUES (65, 'Loja Nina Santos', '90874064039106', 89, '2025-06-28 00:07:13');
INSERT INTO marketplace.vendedores (id, nome_fantasia, cnpj, cidade_id, criado_em) VALUES (66, 'Loja Carla Oliveira', '01704622656766', 21, '2025-06-14 07:00:58');
INSERT INTO marketplace.vendedores (id, nome_fantasia, cnpj, cidade_id, criado_em) VALUES (67, 'Loja Vitor Oliveira', '25128682300478', 109, '2025-02-17 03:57:40');
INSERT INTO marketplace.vendedores (id, nome_fantasia, cnpj, cidade_id, criado_em) VALUES (68, 'Loja Marina Rocha', '37524310690331', 26, '2025-04-06 07:55:17');
INSERT INTO marketplace.vendedores (id, nome_fantasia, cnpj, cidade_id, criado_em) VALUES (69, 'Loja Bruno Santos', '90306738302843', 188, '2025-03-23 11:28:30');
INSERT INTO marketplace.vendedores (id, nome_fantasia, cnpj, cidade_id, criado_em) VALUES (70, 'Loja Karina Teixeira', '95342836440892', 161, '2025-06-11 04:49:09');
INSERT INTO marketplace.vendedores (id, nome_fantasia, cnpj, cidade_id, criado_em) VALUES (71, 'Loja Nina Oliveira', '70568566246287', 62, '2024-06-24 00:43:36');
INSERT INTO marketplace.vendedores (id, nome_fantasia, cnpj, cidade_id, criado_em) VALUES (72, 'Loja João Costa', '70866882634351', 116, '2024-10-15 05:23:09');
INSERT INTO marketplace.vendedores (id, nome_fantasia, cnpj, cidade_id, criado_em) VALUES (73, 'Loja Carla Oliveira', '30469901398373', 86, '2024-08-23 11:50:03');
INSERT INTO marketplace.vendedores (id, nome_fantasia, cnpj, cidade_id, criado_em) VALUES (74, 'Loja Ana Nunes', '31739363854678', 167, '2024-10-06 01:05:00');
INSERT INTO marketplace.vendedores (id, nome_fantasia, cnpj, cidade_id, criado_em) VALUES (75, 'Loja João Pereira', '58771753556093', 190, '2024-04-23 08:11:47');
INSERT INTO marketplace.vendedores (id, nome_fantasia, cnpj, cidade_id, criado_em) VALUES (76, 'Loja Ana Pereira', '89964235369378', 168, '2025-06-15 22:27:58');
INSERT INTO marketplace.vendedores (id, nome_fantasia, cnpj, cidade_id, criado_em) VALUES (77, 'Loja Karina Pereira', '77725228728080', 20, '2025-09-27 08:32:56');
INSERT INTO marketplace.vendedores (id, nome_fantasia, cnpj, cidade_id, criado_em) VALUES (78, 'Loja Vitor Souza', '06231203875099', 124, '2025-05-27 01:57:03');
INSERT INTO marketplace.vendedores (id, nome_fantasia, cnpj, cidade_id, criado_em) VALUES (79, 'Loja Paula Silva', '08860084840862', 28, '2024-03-15 19:25:15');
INSERT INTO marketplace.vendedores (id, nome_fantasia, cnpj, cidade_id, criado_em) VALUES (80, 'Loja Quintino Costa', '33984546156793', 179, '2024-06-24 10:17:03');
INSERT INTO marketplace.vendedores (id, nome_fantasia, cnpj, cidade_id, criado_em) VALUES (81, 'Loja João Mendes', '01666870021765', 145, '2024-03-15 01:40:24');
INSERT INTO marketplace.vendedores (id, nome_fantasia, cnpj, cidade_id, criado_em) VALUES (82, 'Loja Quintino Souza', '33974014890250', 54, '2025-03-31 23:08:46');
INSERT INTO marketplace.vendedores (id, nome_fantasia, cnpj, cidade_id, criado_em) VALUES (83, 'Loja Elisa Carvalho', '14293968562185', 14, '2024-03-16 20:59:42');
INSERT INTO marketplace.vendedores (id, nome_fantasia, cnpj, cidade_id, criado_em) VALUES (84, 'Loja Nina Rocha', '15999650477358', 97, '2024-12-01 10:13:45');
INSERT INTO marketplace.vendedores (id, nome_fantasia, cnpj, cidade_id, criado_em) VALUES (85, 'Loja Fernando Teixeira', '61943114262655', 28, '2024-03-12 02:03:52');
INSERT INTO marketplace.vendedores (id, nome_fantasia, cnpj, cidade_id, criado_em) VALUES (86, 'Loja Ana Barbosa', '75412126788861', 7, '2024-03-10 14:36:58');
INSERT INTO marketplace.vendedores (id, nome_fantasia, cnpj, cidade_id, criado_em) VALUES (87, 'Loja Lucas Oliveira', '19956046618398', 44, '2025-06-16 07:12:57');
INSERT INTO marketplace.vendedores (id, nome_fantasia, cnpj, cidade_id, criado_em) VALUES (88, 'Loja Marina Lima', '24447212646471', 93, '2024-07-14 12:01:23');
INSERT INTO marketplace.vendedores (id, nome_fantasia, cnpj, cidade_id, criado_em) VALUES (89, 'Loja Heitor Araujo', '99371240659657', 86, '2024-11-30 11:16:05');
INSERT INTO marketplace.vendedores (id, nome_fantasia, cnpj, cidade_id, criado_em) VALUES (90, 'Loja Ursula Costa', '45937526547935', 97, '2024-08-05 17:10:24');
INSERT INTO marketplace.vendedores (id, nome_fantasia, cnpj, cidade_id, criado_em) VALUES (91, 'Loja Zeca Carvalho', '51939828073741', 105, '2025-06-06 17:12:45');
INSERT INTO marketplace.vendedores (id, nome_fantasia, cnpj, cidade_id, criado_em) VALUES (92, 'Loja Paula Costa', '43426617979688', 178, '2024-11-20 21:41:24');
INSERT INTO marketplace.vendedores (id, nome_fantasia, cnpj, cidade_id, criado_em) VALUES (93, 'Loja Rafaela Souza', '58911352909656', 28, '2024-01-09 04:37:29');
INSERT INTO marketplace.vendedores (id, nome_fantasia, cnpj, cidade_id, criado_em) VALUES (94, 'Loja Diego Pereira', '38889937567982', 89, '2024-01-20 01:52:51');
INSERT INTO marketplace.vendedores (id, nome_fantasia, cnpj, cidade_id, criado_em) VALUES (95, 'Loja Paula Torres', '46112545738757', 25, '2024-12-06 08:00:18');
INSERT INTO marketplace.vendedores (id, nome_fantasia, cnpj, cidade_id, criado_em) VALUES (96, 'Loja Xenia Santos', '51401051238282', 85, '2025-03-10 20:20:27');
INSERT INTO marketplace.vendedores (id, nome_fantasia, cnpj, cidade_id, criado_em) VALUES (97, 'Loja Nina Santos', '36226609379660', 181, '2024-06-15 20:05:22');
INSERT INTO marketplace.vendedores (id, nome_fantasia, cnpj, cidade_id, criado_em) VALUES (98, 'Loja Gabriela Pereira', '19182553714785', 153, '2024-10-28 20:45:39');
INSERT INTO marketplace.vendedores (id, nome_fantasia, cnpj, cidade_id, criado_em) VALUES (99, 'Loja Tiago Carvalho', '91557924991251', 62, '2024-08-25 04:41:45');
INSERT INTO marketplace.vendedores (id, nome_fantasia, cnpj, cidade_id, criado_em) VALUES (100, 'Loja Diego Lima', '52866929662782', 143, '2024-05-09 14:35:55');
INSERT INTO marketplace.vendedores (id, nome_fantasia, cnpj, cidade_id, criado_em) VALUES (101, 'Loja Paula Barbosa', '22579050723688', 168, '2025-01-19 10:54:24');
INSERT INTO marketplace.vendedores (id, nome_fantasia, cnpj, cidade_id, criado_em) VALUES (102, 'Loja Nina Araujo', '67721903404384', 44, '2025-08-29 10:03:07');
INSERT INTO marketplace.vendedores (id, nome_fantasia, cnpj, cidade_id, criado_em) VALUES (103, 'Loja Otávio Teixeira', '78819148580783', 109, '2024-03-20 13:10:50');
INSERT INTO marketplace.vendedores (id, nome_fantasia, cnpj, cidade_id, criado_em) VALUES (104, 'Loja Xenia Rocha', '40745171339596', 43, '2025-04-23 13:53:27');
INSERT INTO marketplace.vendedores (id, nome_fantasia, cnpj, cidade_id, criado_em) VALUES (105, 'Loja Elisa Nunes', '30958498254494', 132, '2025-06-11 15:03:25');
INSERT INTO marketplace.vendedores (id, nome_fantasia, cnpj, cidade_id, criado_em) VALUES (106, 'Loja Diego Costa', '60422325367294', 161, '2024-11-17 17:42:55');
INSERT INTO marketplace.vendedores (id, nome_fantasia, cnpj, cidade_id, criado_em) VALUES (107, 'Loja Marina Santos', '11684577590175', 17, '2025-09-10 00:30:41');
INSERT INTO marketplace.vendedores (id, nome_fantasia, cnpj, cidade_id, criado_em) VALUES (108, 'Loja Rafaela Carvalho', '36374545892975', 175, '2025-08-15 01:26:41');
INSERT INTO marketplace.vendedores (id, nome_fantasia, cnpj, cidade_id, criado_em) VALUES (109, 'Loja Bruno Souza', '17012770632424', 24, '2025-05-23 10:24:14');
INSERT INTO marketplace.vendedores (id, nome_fantasia, cnpj, cidade_id, criado_em) VALUES (110, 'Loja Lucas Pereira', '15206436110371', 34, '2025-04-06 02:59:16');
INSERT INTO marketplace.vendedores (id, nome_fantasia, cnpj, cidade_id, criado_em) VALUES (111, 'Loja Heitor Cunha', '70051627136111', 81, '2024-10-12 11:50:47');
INSERT INTO marketplace.vendedores (id, nome_fantasia, cnpj, cidade_id, criado_em) VALUES (112, 'Loja João Costa', '62218909275326', 158, '2025-06-17 06:31:15');
INSERT INTO marketplace.vendedores (id, nome_fantasia, cnpj, cidade_id, criado_em) VALUES (113, 'Loja Otávio Nunes', '11219656523413', 142, '2025-04-11 19:26:04');
INSERT INTO marketplace.vendedores (id, nome_fantasia, cnpj, cidade_id, criado_em) VALUES (114, 'Loja Tiago Barbosa', '04389836403761', 62, '2025-01-23 00:53:36');
INSERT INTO marketplace.vendedores (id, nome_fantasia, cnpj, cidade_id, criado_em) VALUES (115, 'Loja Ursula Mendes', '80552696582710', 151, '2024-02-22 10:53:54');
INSERT INTO marketplace.vendedores (id, nome_fantasia, cnpj, cidade_id, criado_em) VALUES (116, 'Loja Ana Pereira', '30068486661889', 40, '2024-08-03 12:22:24');
INSERT INTO marketplace.vendedores (id, nome_fantasia, cnpj, cidade_id, criado_em) VALUES (117, 'Loja Carla Barbosa', '18328569146303', 23, '2024-12-03 11:21:40');
INSERT INTO marketplace.vendedores (id, nome_fantasia, cnpj, cidade_id, criado_em) VALUES (118, 'Loja Diego Santos', '99042102027588', 185, '2024-07-20 08:42:49');
INSERT INTO marketplace.vendedores (id, nome_fantasia, cnpj, cidade_id, criado_em) VALUES (119, 'Loja Fernando Gomes', '24105648149177', 131, '2024-10-06 17:11:45');
INSERT INTO marketplace.vendedores (id, nome_fantasia, cnpj, cidade_id, criado_em) VALUES (120, 'Loja Bruno Araujo', '92524191380003', 12, '2025-01-01 10:19:45');
INSERT INTO marketplace.vendedores (id, nome_fantasia, cnpj, cidade_id, criado_em) VALUES (121, 'Loja Lucas Carvalho', '22086353654195', 31, '2025-01-24 22:43:17');
INSERT INTO marketplace.vendedores (id, nome_fantasia, cnpj, cidade_id, criado_em) VALUES (122, 'Loja Vitor Souza', '23806174451870', 95, '2024-06-04 20:46:53');
INSERT INTO marketplace.vendedores (id, nome_fantasia, cnpj, cidade_id, criado_em) VALUES (123, 'Loja João Teixeira', '49375973832060', 60, '2025-02-24 15:08:03');
INSERT INTO marketplace.vendedores (id, nome_fantasia, cnpj, cidade_id, criado_em) VALUES (124, 'Loja Lucas Silva', '50641383670241', 12, '2024-06-28 18:57:41');
INSERT INTO marketplace.vendedores (id, nome_fantasia, cnpj, cidade_id, criado_em) VALUES (125, 'Loja Quintino Ribeiro', '57191826199062', 61, '2024-08-14 13:14:06');
INSERT INTO marketplace.vendedores (id, nome_fantasia, cnpj, cidade_id, criado_em) VALUES (126, 'Loja Iara Almeida', '65574313291212', 116, '2024-12-27 23:53:49');
INSERT INTO marketplace.vendedores (id, nome_fantasia, cnpj, cidade_id, criado_em) VALUES (127, 'Loja Karina Ribeiro', '18537474112490', 56, '2024-09-11 14:31:00');
INSERT INTO marketplace.vendedores (id, nome_fantasia, cnpj, cidade_id, criado_em) VALUES (128, 'Loja Elisa Mendes', '35680442067883', 25, '2024-12-24 21:06:37');
INSERT INTO marketplace.vendedores (id, nome_fantasia, cnpj, cidade_id, criado_em) VALUES (129, 'Loja Diego Costa', '10032365199410', 17, '2024-06-02 14:20:00');
INSERT INTO marketplace.vendedores (id, nome_fantasia, cnpj, cidade_id, criado_em) VALUES (130, 'Loja Ursula Santos', '21510702966706', 175, '2024-11-27 09:35:37');
INSERT INTO marketplace.vendedores (id, nome_fantasia, cnpj, cidade_id, criado_em) VALUES (131, 'Loja Fernando Gomes', '32447209993476', 141, '2025-01-07 01:47:01');
INSERT INTO marketplace.vendedores (id, nome_fantasia, cnpj, cidade_id, criado_em) VALUES (132, 'Loja Bruno Mendes', '46263838065787', 89, '2025-03-15 08:30:03');
INSERT INTO marketplace.vendedores (id, nome_fantasia, cnpj, cidade_id, criado_em) VALUES (133, 'Loja Quintino Almeida', '64205930407859', 60, '2024-05-03 23:37:19');
INSERT INTO marketplace.vendedores (id, nome_fantasia, cnpj, cidade_id, criado_em) VALUES (134, 'Loja Diego Rocha', '34803965223955', 152, '2024-01-22 21:48:30');
INSERT INTO marketplace.vendedores (id, nome_fantasia, cnpj, cidade_id, criado_em) VALUES (135, 'Loja Wagner Gomes', '99293784270103', 155, '2024-06-18 22:53:39');
INSERT INTO marketplace.vendedores (id, nome_fantasia, cnpj, cidade_id, criado_em) VALUES (136, 'Loja Ana Cunha', '70593252500292', 199, '2024-03-27 03:42:34');
INSERT INTO marketplace.vendedores (id, nome_fantasia, cnpj, cidade_id, criado_em) VALUES (137, 'Loja Quintino Gomes', '15691545226752', 182, '2025-03-12 12:00:58');
INSERT INTO marketplace.vendedores (id, nome_fantasia, cnpj, cidade_id, criado_em) VALUES (138, 'Loja Wagner Gomes', '39264422096902', 155, '2024-09-04 03:59:35');
INSERT INTO marketplace.vendedores (id, nome_fantasia, cnpj, cidade_id, criado_em) VALUES (139, 'Loja Zeca Rocha', '91725135521570', 68, '2024-06-11 20:47:54');
INSERT INTO marketplace.vendedores (id, nome_fantasia, cnpj, cidade_id, criado_em) VALUES (140, 'Loja Heitor Mendes', '54100676267658', 97, '2024-03-19 18:45:55');
INSERT INTO marketplace.vendedores (id, nome_fantasia, cnpj, cidade_id, criado_em) VALUES (141, 'Loja Paula Teixeira', '32710405411526', 42, '2025-07-22 13:11:27');
INSERT INTO marketplace.vendedores (id, nome_fantasia, cnpj, cidade_id, criado_em) VALUES (142, 'Loja Carla Oliveira', '15997062962015', 53, '2024-05-27 13:33:47');
INSERT INTO marketplace.vendedores (id, nome_fantasia, cnpj, cidade_id, criado_em) VALUES (143, 'Loja Nina Oliveira', '84443106987205', 1, '2024-11-28 03:09:10');
INSERT INTO marketplace.vendedores (id, nome_fantasia, cnpj, cidade_id, criado_em) VALUES (144, 'Loja Carla Barbosa', '97310324171467', 126, '2025-05-28 10:40:47');
INSERT INTO marketplace.vendedores (id, nome_fantasia, cnpj, cidade_id, criado_em) VALUES (145, 'Loja Iara Mendes', '86256527047743', 69, '2025-03-14 06:19:07');
INSERT INTO marketplace.vendedores (id, nome_fantasia, cnpj, cidade_id, criado_em) VALUES (146, 'Loja Bruno Costa', '11586938068687', 147, '2024-07-02 00:41:08');
INSERT INTO marketplace.vendedores (id, nome_fantasia, cnpj, cidade_id, criado_em) VALUES (147, 'Loja Paula Barbosa', '16089899217223', 50, '2024-04-08 00:16:39');
INSERT INTO marketplace.vendedores (id, nome_fantasia, cnpj, cidade_id, criado_em) VALUES (148, 'Loja Bruno Ribeiro', '16329451168685', 71, '2025-02-07 15:41:23');
INSERT INTO marketplace.vendedores (id, nome_fantasia, cnpj, cidade_id, criado_em) VALUES (149, 'Loja Otávio Silva', '99861622999119', 200, '2024-03-19 10:35:53');
INSERT INTO marketplace.vendedores (id, nome_fantasia, cnpj, cidade_id, criado_em) VALUES (150, 'Loja Zeca Barbosa', '85646799702462', 159, '2025-04-17 18:09:23');
INSERT INTO marketplace.vendedores (id, nome_fantasia, cnpj, cidade_id, criado_em) VALUES (151, 'Loja Vitor Carvalho', '06530745054447', 179, '2025-06-15 22:34:01');
INSERT INTO marketplace.vendedores (id, nome_fantasia, cnpj, cidade_id, criado_em) VALUES (152, 'Loja Diego Rocha', '24754691373678', 96, '2025-09-29 16:52:24');
INSERT INTO marketplace.vendedores (id, nome_fantasia, cnpj, cidade_id, criado_em) VALUES (153, 'Loja Bruno Cunha', '21486289023303', 9, '2024-12-20 12:49:11');
INSERT INTO marketplace.vendedores (id, nome_fantasia, cnpj, cidade_id, criado_em) VALUES (154, 'Loja Bruno Gomes', '34578610357972', 122, '2025-03-31 20:14:26');
INSERT INTO marketplace.vendedores (id, nome_fantasia, cnpj, cidade_id, criado_em) VALUES (155, 'Loja Rafaela Gomes', '52414060293333', 69, '2025-05-21 02:28:05');
INSERT INTO marketplace.vendedores (id, nome_fantasia, cnpj, cidade_id, criado_em) VALUES (156, 'Loja Nina Cunha', '00722903494466', 90, '2024-12-22 12:20:35');
INSERT INTO marketplace.vendedores (id, nome_fantasia, cnpj, cidade_id, criado_em) VALUES (157, 'Loja Iara Nunes', '74896910858994', 77, '2025-06-15 14:23:08');
INSERT INTO marketplace.vendedores (id, nome_fantasia, cnpj, cidade_id, criado_em) VALUES (158, 'Loja Diego Araujo', '15454443283096', 170, '2024-09-05 05:30:35');
INSERT INTO marketplace.vendedores (id, nome_fantasia, cnpj, cidade_id, criado_em) VALUES (159, 'Loja Vitor Costa', '07446660993538', 164, '2025-09-01 15:32:29');
INSERT INTO marketplace.vendedores (id, nome_fantasia, cnpj, cidade_id, criado_em) VALUES (160, 'Loja Paula Gomes', '84282417248251', 57, '2024-10-02 22:57:45');
INSERT INTO marketplace.vendedores (id, nome_fantasia, cnpj, cidade_id, criado_em) VALUES (161, 'Loja Heitor Barbosa', '65549471709991', 121, '2024-05-31 02:33:33');
INSERT INTO marketplace.vendedores (id, nome_fantasia, cnpj, cidade_id, criado_em) VALUES (162, 'Loja Quintino Torres', '68460223569725', 184, '2024-05-20 02:05:37');
INSERT INTO marketplace.vendedores (id, nome_fantasia, cnpj, cidade_id, criado_em) VALUES (163, 'Loja Yara Mendes', '75250074329271', 34, '2025-04-22 06:43:57');
INSERT INTO marketplace.vendedores (id, nome_fantasia, cnpj, cidade_id, criado_em) VALUES (164, 'Loja Nina Ribeiro', '66760083505830', 174, '2024-01-04 04:52:25');
INSERT INTO marketplace.vendedores (id, nome_fantasia, cnpj, cidade_id, criado_em) VALUES (165, 'Loja Ursula Rocha', '35421689421044', 117, '2025-07-19 07:46:12');
INSERT INTO marketplace.vendedores (id, nome_fantasia, cnpj, cidade_id, criado_em) VALUES (166, 'Loja Quintino Cunha', '56257532603323', 188, '2024-01-18 00:29:34');
INSERT INTO marketplace.vendedores (id, nome_fantasia, cnpj, cidade_id, criado_em) VALUES (167, 'Loja Sergio Cunha', '21506489090100', 177, '2024-03-30 22:28:43');
INSERT INTO marketplace.vendedores (id, nome_fantasia, cnpj, cidade_id, criado_em) VALUES (168, 'Loja Nina Santos', '61847230461849', 156, '2025-06-28 06:29:09');
INSERT INTO marketplace.vendedores (id, nome_fantasia, cnpj, cidade_id, criado_em) VALUES (169, 'Loja Elisa Ribeiro', '18914117393483', 92, '2025-06-30 09:00:41');
INSERT INTO marketplace.vendedores (id, nome_fantasia, cnpj, cidade_id, criado_em) VALUES (170, 'Loja Nina Barbosa', '20873753001197', 39, '2024-03-10 23:15:45');
INSERT INTO marketplace.vendedores (id, nome_fantasia, cnpj, cidade_id, criado_em) VALUES (171, 'Loja Yara Cunha', '11437447012045', 174, '2024-08-30 21:16:58');
INSERT INTO marketplace.vendedores (id, nome_fantasia, cnpj, cidade_id, criado_em) VALUES (172, 'Loja Nina Torres', '10022557941552', 30, '2024-11-07 07:02:03');
INSERT INTO marketplace.vendedores (id, nome_fantasia, cnpj, cidade_id, criado_em) VALUES (173, 'Loja Marina Santos', '46762120216979', 174, '2024-12-06 07:56:48');
INSERT INTO marketplace.vendedores (id, nome_fantasia, cnpj, cidade_id, criado_em) VALUES (174, 'Loja Fernando Carvalho', '59027716701450', 181, '2025-06-10 13:30:39');
INSERT INTO marketplace.vendedores (id, nome_fantasia, cnpj, cidade_id, criado_em) VALUES (175, 'Loja Quintino Teixeira', '93588916375628', 157, '2024-02-12 09:11:10');
INSERT INTO marketplace.vendedores (id, nome_fantasia, cnpj, cidade_id, criado_em) VALUES (176, 'Loja Ana Lima', '87721753540838', 165, '2024-10-21 02:18:58');
INSERT INTO marketplace.vendedores (id, nome_fantasia, cnpj, cidade_id, criado_em) VALUES (177, 'Loja Marina Rocha', '17797177517016', 106, '2024-01-28 19:57:20');
INSERT INTO marketplace.vendedores (id, nome_fantasia, cnpj, cidade_id, criado_em) VALUES (178, 'Loja Rafaela Oliveira', '01994883755037', 85, '2025-03-11 01:58:06');
INSERT INTO marketplace.vendedores (id, nome_fantasia, cnpj, cidade_id, criado_em) VALUES (179, 'Loja Yara Araujo', '57113055488510', 43, '2025-01-17 11:24:50');
INSERT INTO marketplace.vendedores (id, nome_fantasia, cnpj, cidade_id, criado_em) VALUES (180, 'Loja Elisa Ribeiro', '14933163735160', 163, '2025-06-06 01:37:50');
INSERT INTO marketplace.vendedores (id, nome_fantasia, cnpj, cidade_id, criado_em) VALUES (181, 'Loja Sergio Torres', '77982708086978', 200, '2024-05-17 15:17:34');
INSERT INTO marketplace.vendedores (id, nome_fantasia, cnpj, cidade_id, criado_em) VALUES (182, 'Loja Wagner Teixeira', '22169958669346', 88, '2024-08-16 11:47:32');
INSERT INTO marketplace.vendedores (id, nome_fantasia, cnpj, cidade_id, criado_em) VALUES (183, 'Loja Otávio Costa', '26984858333945', 173, '2024-04-13 01:10:48');
INSERT INTO marketplace.vendedores (id, nome_fantasia, cnpj, cidade_id, criado_em) VALUES (184, 'Loja Wagner Lima', '88515879968460', 134, '2024-03-23 16:45:12');
INSERT INTO marketplace.vendedores (id, nome_fantasia, cnpj, cidade_id, criado_em) VALUES (185, 'Loja Ana Carvalho', '20034244204380', 92, '2025-09-24 06:32:54');
INSERT INTO marketplace.vendedores (id, nome_fantasia, cnpj, cidade_id, criado_em) VALUES (186, 'Loja Otávio Torres', '98386384066658', 14, '2024-01-11 01:41:22');
INSERT INTO marketplace.vendedores (id, nome_fantasia, cnpj, cidade_id, criado_em) VALUES (187, 'Loja Xenia Pereira', '39735989334721', 48, '2024-05-14 23:46:33');
INSERT INTO marketplace.vendedores (id, nome_fantasia, cnpj, cidade_id, criado_em) VALUES (188, 'Loja Xenia Cunha', '16064842294057', 182, '2024-04-30 05:47:14');
INSERT INTO marketplace.vendedores (id, nome_fantasia, cnpj, cidade_id, criado_em) VALUES (189, 'Loja Bruno Costa', '59094798515832', 134, '2024-02-22 22:54:05');
INSERT INTO marketplace.vendedores (id, nome_fantasia, cnpj, cidade_id, criado_em) VALUES (190, 'Loja Zeca Cunha', '26886153355543', 193, '2025-04-25 05:35:08');
INSERT INTO marketplace.vendedores (id, nome_fantasia, cnpj, cidade_id, criado_em) VALUES (191, 'Loja Quintino Araujo', '80157399305616', 66, '2025-02-23 14:45:12');
INSERT INTO marketplace.vendedores (id, nome_fantasia, cnpj, cidade_id, criado_em) VALUES (192, 'Loja Xenia Barbosa', '08588770435811', 43, '2025-08-23 15:42:07');
INSERT INTO marketplace.vendedores (id, nome_fantasia, cnpj, cidade_id, criado_em) VALUES (193, 'Loja Rafaela Oliveira', '01336138612075', 10, '2024-03-08 23:30:28');
INSERT INTO marketplace.vendedores (id, nome_fantasia, cnpj, cidade_id, criado_em) VALUES (194, 'Loja Carla Souza', '24819346676650', 100, '2025-06-06 23:11:53');
INSERT INTO marketplace.vendedores (id, nome_fantasia, cnpj, cidade_id, criado_em) VALUES (195, 'Loja Diego Oliveira', '09190158144914', 196, '2024-12-05 22:52:29');
INSERT INTO marketplace.vendedores (id, nome_fantasia, cnpj, cidade_id, criado_em) VALUES (196, 'Loja Marina Carvalho', '07283268424508', 143, '2024-04-19 19:23:59');
INSERT INTO marketplace.vendedores (id, nome_fantasia, cnpj, cidade_id, criado_em) VALUES (197, 'Loja Diego Souza', '09968814353682', 42, '2024-05-22 21:52:22');
INSERT INTO marketplace.vendedores (id, nome_fantasia, cnpj, cidade_id, criado_em) VALUES (198, 'Loja Heitor Pereira', '31290878141413', 186, '2025-03-26 23:05:14');
INSERT INTO marketplace.vendedores (id, nome_fantasia, cnpj, cidade_id, criado_em) VALUES (199, 'Loja Paula Almeida', '52314913577594', 178, '2025-03-29 17:43:00');
INSERT INTO marketplace.vendedores (id, nome_fantasia, cnpj, cidade_id, criado_em) VALUES (200, 'Loja Elisa Teixeira', '95562053364525', 123, '2024-12-25 12:07:08');

create table marketplace.categorias(
  id int primary key,
  nome text not null,
  categoria_pai_id int
);

INSERT INTO marketplace.categorias (id, nome, categoria_pai_id) VALUES (1, 'Categoria_1', NULL);
INSERT INTO marketplace.categorias (id, nome, categoria_pai_id) VALUES (2, 'Categoria_2', NULL);
INSERT INTO marketplace.categorias (id, nome, categoria_pai_id) VALUES (3, 'Categoria_3', NULL);
INSERT INTO marketplace.categorias (id, nome, categoria_pai_id) VALUES (4, 'Categoria_4', NULL);
INSERT INTO marketplace.categorias (id, nome, categoria_pai_id) VALUES (5, 'Categoria_5', NULL);
INSERT INTO marketplace.categorias (id, nome, categoria_pai_id) VALUES (6, 'Categoria_6', NULL);
INSERT INTO marketplace.categorias (id, nome, categoria_pai_id) VALUES (7, 'Categoria_7', NULL);
INSERT INTO marketplace.categorias (id, nome, categoria_pai_id) VALUES (8, 'Categoria_8', NULL);
INSERT INTO marketplace.categorias (id, nome, categoria_pai_id) VALUES (9, 'Categoria_9', NULL);
INSERT INTO marketplace.categorias (id, nome, categoria_pai_id) VALUES (10, 'Categoria_10', NULL);
INSERT INTO marketplace.categorias (id, nome, categoria_pai_id) VALUES (11, 'Categoria_11', NULL);
INSERT INTO marketplace.categorias (id, nome, categoria_pai_id) VALUES (12, 'Categoria_12', NULL);
INSERT INTO marketplace.categorias (id, nome, categoria_pai_id) VALUES (13, 'Categoria_13', NULL);
INSERT INTO marketplace.categorias (id, nome, categoria_pai_id) VALUES (14, 'Categoria_14', NULL);
INSERT INTO marketplace.categorias (id, nome, categoria_pai_id) VALUES (15, 'Categoria_15', NULL);
INSERT INTO marketplace.categorias (id, nome, categoria_pai_id) VALUES (16, 'Categoria_16', NULL);
INSERT INTO marketplace.categorias (id, nome, categoria_pai_id) VALUES (17, 'Categoria_17', NULL);
INSERT INTO marketplace.categorias (id, nome, categoria_pai_id) VALUES (18, 'Categoria_18', NULL);
INSERT INTO marketplace.categorias (id, nome, categoria_pai_id) VALUES (19, 'Categoria_19', NULL);
INSERT INTO marketplace.categorias (id, nome, categoria_pai_id) VALUES (20, 'Categoria_20', NULL);
INSERT INTO marketplace.categorias (id, nome, categoria_pai_id) VALUES (21, 'Categoria_21', 15);
INSERT INTO marketplace.categorias (id, nome, categoria_pai_id) VALUES (22, 'Categoria_22', 12);
INSERT INTO marketplace.categorias (id, nome, categoria_pai_id) VALUES (23, 'Categoria_23', 10);
INSERT INTO marketplace.categorias (id, nome, categoria_pai_id) VALUES (24, 'Categoria_24', 16);
INSERT INTO marketplace.categorias (id, nome, categoria_pai_id) VALUES (25, 'Categoria_25', 18);
INSERT INTO marketplace.categorias (id, nome, categoria_pai_id) VALUES (26, 'Categoria_26', 4);
INSERT INTO marketplace.categorias (id, nome, categoria_pai_id) VALUES (27, 'Categoria_27', 6);
INSERT INTO marketplace.categorias (id, nome, categoria_pai_id) VALUES (28, 'Categoria_28', 20);
INSERT INTO marketplace.categorias (id, nome, categoria_pai_id) VALUES (29, 'Categoria_29', 3);
INSERT INTO marketplace.categorias (id, nome, categoria_pai_id) VALUES (30, 'Categoria_30', 9);
INSERT INTO marketplace.categorias (id, nome, categoria_pai_id) VALUES (31, 'Categoria_31', 5);
INSERT INTO marketplace.categorias (id, nome, categoria_pai_id) VALUES (32, 'Categoria_32', 18);
INSERT INTO marketplace.categorias (id, nome, categoria_pai_id) VALUES (33, 'Categoria_33', 7);
INSERT INTO marketplace.categorias (id, nome, categoria_pai_id) VALUES (34, 'Categoria_34', 9);
INSERT INTO marketplace.categorias (id, nome, categoria_pai_id) VALUES (35, 'Categoria_35', 3);
INSERT INTO marketplace.categorias (id, nome, categoria_pai_id) VALUES (36, 'Categoria_36', 3);
INSERT INTO marketplace.categorias (id, nome, categoria_pai_id) VALUES (37, 'Categoria_37', 1);
INSERT INTO marketplace.categorias (id, nome, categoria_pai_id) VALUES (38, 'Categoria_38', 17);
INSERT INTO marketplace.categorias (id, nome, categoria_pai_id) VALUES (39, 'Categoria_39', 1);
INSERT INTO marketplace.categorias (id, nome, categoria_pai_id) VALUES (40, 'Categoria_40', 19);
INSERT INTO marketplace.categorias (id, nome, categoria_pai_id) VALUES (41, 'Categoria_41', 19);
INSERT INTO marketplace.categorias (id, nome, categoria_pai_id) VALUES (42, 'Categoria_42', 13);
INSERT INTO marketplace.categorias (id, nome, categoria_pai_id) VALUES (43, 'Categoria_43', 19);
INSERT INTO marketplace.categorias (id, nome, categoria_pai_id) VALUES (44, 'Categoria_44', 7);
INSERT INTO marketplace.categorias (id, nome, categoria_pai_id) VALUES (45, 'Categoria_45', 2);
INSERT INTO marketplace.categorias (id, nome, categoria_pai_id) VALUES (46, 'Categoria_46', 18);
INSERT INTO marketplace.categorias (id, nome, categoria_pai_id) VALUES (47, 'Categoria_47', 9);
INSERT INTO marketplace.categorias (id, nome, categoria_pai_id) VALUES (48, 'Categoria_48', 18);
INSERT INTO marketplace.categorias (id, nome, categoria_pai_id) VALUES (49, 'Categoria_49', 18);
INSERT INTO marketplace.categorias (id, nome, categoria_pai_id) VALUES (50, 'Categoria_50', 16);
INSERT INTO marketplace.categorias (id, nome, categoria_pai_id) VALUES (51, 'Categoria_51', 5);
INSERT INTO marketplace.categorias (id, nome, categoria_pai_id) VALUES (52, 'Categoria_52', 12);
INSERT INTO marketplace.categorias (id, nome, categoria_pai_id) VALUES (53, 'Categoria_53', 13);
INSERT INTO marketplace.categorias (id, nome, categoria_pai_id) VALUES (54, 'Categoria_54', 8);
INSERT INTO marketplace.categorias (id, nome, categoria_pai_id) VALUES (55, 'Categoria_55', 19);
INSERT INTO marketplace.categorias (id, nome, categoria_pai_id) VALUES (56, 'Categoria_56', 10);
INSERT INTO marketplace.categorias (id, nome, categoria_pai_id) VALUES (57, 'Categoria_57', 5);
INSERT INTO marketplace.categorias (id, nome, categoria_pai_id) VALUES (58, 'Categoria_58', 15);
INSERT INTO marketplace.categorias (id, nome, categoria_pai_id) VALUES (59, 'Categoria_59', 17);
INSERT INTO marketplace.categorias (id, nome, categoria_pai_id) VALUES (60, 'Categoria_60', 17);
INSERT INTO marketplace.categorias (id, nome, categoria_pai_id) VALUES (61, 'Categoria_61', 3);
INSERT INTO marketplace.categorias (id, nome, categoria_pai_id) VALUES (62, 'Categoria_62', 13);
INSERT INTO marketplace.categorias (id, nome, categoria_pai_id) VALUES (63, 'Categoria_63', 12);
INSERT INTO marketplace.categorias (id, nome, categoria_pai_id) VALUES (64, 'Categoria_64', 17);
INSERT INTO marketplace.categorias (id, nome, categoria_pai_id) VALUES (65, 'Categoria_65', 1);
INSERT INTO marketplace.categorias (id, nome, categoria_pai_id) VALUES (66, 'Categoria_66', 8);
INSERT INTO marketplace.categorias (id, nome, categoria_pai_id) VALUES (67, 'Categoria_67', 20);
INSERT INTO marketplace.categorias (id, nome, categoria_pai_id) VALUES (68, 'Categoria_68', 6);
INSERT INTO marketplace.categorias (id, nome, categoria_pai_id) VALUES (69, 'Categoria_69', 17);
INSERT INTO marketplace.categorias (id, nome, categoria_pai_id) VALUES (70, 'Categoria_70', 5);
INSERT INTO marketplace.categorias (id, nome, categoria_pai_id) VALUES (71, 'Categoria_71', 15);
INSERT INTO marketplace.categorias (id, nome, categoria_pai_id) VALUES (72, 'Categoria_72', 6);
INSERT INTO marketplace.categorias (id, nome, categoria_pai_id) VALUES (73, 'Categoria_73', 6);
INSERT INTO marketplace.categorias (id, nome, categoria_pai_id) VALUES (74, 'Categoria_74', 19);
INSERT INTO marketplace.categorias (id, nome, categoria_pai_id) VALUES (75, 'Categoria_75', 19);
INSERT INTO marketplace.categorias (id, nome, categoria_pai_id) VALUES (76, 'Categoria_76', 5);
INSERT INTO marketplace.categorias (id, nome, categoria_pai_id) VALUES (77, 'Categoria_77', 16);
INSERT INTO marketplace.categorias (id, nome, categoria_pai_id) VALUES (78, 'Categoria_78', 12);
INSERT INTO marketplace.categorias (id, nome, categoria_pai_id) VALUES (79, 'Categoria_79', 2);
INSERT INTO marketplace.categorias (id, nome, categoria_pai_id) VALUES (80, 'Categoria_80', 8);
INSERT INTO marketplace.categorias (id, nome, categoria_pai_id) VALUES (81, 'Categoria_81', 16);
INSERT INTO marketplace.categorias (id, nome, categoria_pai_id) VALUES (82, 'Categoria_82', 8);
INSERT INTO marketplace.categorias (id, nome, categoria_pai_id) VALUES (83, 'Categoria_83', 3);
INSERT INTO marketplace.categorias (id, nome, categoria_pai_id) VALUES (84, 'Categoria_84', 9);
INSERT INTO marketplace.categorias (id, nome, categoria_pai_id) VALUES (85, 'Categoria_85', 12);
INSERT INTO marketplace.categorias (id, nome, categoria_pai_id) VALUES (86, 'Categoria_86', 8);
INSERT INTO marketplace.categorias (id, nome, categoria_pai_id) VALUES (87, 'Categoria_87', 2);
INSERT INTO marketplace.categorias (id, nome, categoria_pai_id) VALUES (88, 'Categoria_88', 7);
INSERT INTO marketplace.categorias (id, nome, categoria_pai_id) VALUES (89, 'Categoria_89', 17);
INSERT INTO marketplace.categorias (id, nome, categoria_pai_id) VALUES (90, 'Categoria_90', 12);
INSERT INTO marketplace.categorias (id, nome, categoria_pai_id) VALUES (91, 'Categoria_91', 13);
INSERT INTO marketplace.categorias (id, nome, categoria_pai_id) VALUES (92, 'Categoria_92', 16);
INSERT INTO marketplace.categorias (id, nome, categoria_pai_id) VALUES (93, 'Categoria_93', 15);
INSERT INTO marketplace.categorias (id, nome, categoria_pai_id) VALUES (94, 'Categoria_94', 2);
INSERT INTO marketplace.categorias (id, nome, categoria_pai_id) VALUES (95, 'Categoria_95', 2);
INSERT INTO marketplace.categorias (id, nome, categoria_pai_id) VALUES (96, 'Categoria_96', 11);
INSERT INTO marketplace.categorias (id, nome, categoria_pai_id) VALUES (97, 'Categoria_97', 4);
INSERT INTO marketplace.categorias (id, nome, categoria_pai_id) VALUES (98, 'Categoria_98', 17);
INSERT INTO marketplace.categorias (id, nome, categoria_pai_id) VALUES (99, 'Categoria_99', 9);
INSERT INTO marketplace.categorias (id, nome, categoria_pai_id) VALUES (100, 'Categoria_100', 9);
INSERT INTO marketplace.categorias (id, nome, categoria_pai_id) VALUES (101, 'Categoria_101', 19);
INSERT INTO marketplace.categorias (id, nome, categoria_pai_id) VALUES (102, 'Categoria_102', 18);
INSERT INTO marketplace.categorias (id, nome, categoria_pai_id) VALUES (103, 'Categoria_103', 19);
INSERT INTO marketplace.categorias (id, nome, categoria_pai_id) VALUES (104, 'Categoria_104', 6);
INSERT INTO marketplace.categorias (id, nome, categoria_pai_id) VALUES (105, 'Categoria_105', 13);
INSERT INTO marketplace.categorias (id, nome, categoria_pai_id) VALUES (106, 'Categoria_106', 13);
INSERT INTO marketplace.categorias (id, nome, categoria_pai_id) VALUES (107, 'Categoria_107', 12);
INSERT INTO marketplace.categorias (id, nome, categoria_pai_id) VALUES (108, 'Categoria_108', 19);
INSERT INTO marketplace.categorias (id, nome, categoria_pai_id) VALUES (109, 'Categoria_109', 3);
INSERT INTO marketplace.categorias (id, nome, categoria_pai_id) VALUES (110, 'Categoria_110', 17);
INSERT INTO marketplace.categorias (id, nome, categoria_pai_id) VALUES (111, 'Categoria_111', 9);
INSERT INTO marketplace.categorias (id, nome, categoria_pai_id) VALUES (112, 'Categoria_112', 13);
INSERT INTO marketplace.categorias (id, nome, categoria_pai_id) VALUES (113, 'Categoria_113', 8);
INSERT INTO marketplace.categorias (id, nome, categoria_pai_id) VALUES (114, 'Categoria_114', 17);
INSERT INTO marketplace.categorias (id, nome, categoria_pai_id) VALUES (115, 'Categoria_115', 13);
INSERT INTO marketplace.categorias (id, nome, categoria_pai_id) VALUES (116, 'Categoria_116', 12);
INSERT INTO marketplace.categorias (id, nome, categoria_pai_id) VALUES (117, 'Categoria_117', 12);
INSERT INTO marketplace.categorias (id, nome, categoria_pai_id) VALUES (118, 'Categoria_118', 16);
INSERT INTO marketplace.categorias (id, nome, categoria_pai_id) VALUES (119, 'Categoria_119', 16);
INSERT INTO marketplace.categorias (id, nome, categoria_pai_id) VALUES (120, 'Categoria_120', 20);
INSERT INTO marketplace.categorias (id, nome, categoria_pai_id) VALUES (121, 'Categoria_121', 1);
INSERT INTO marketplace.categorias (id, nome, categoria_pai_id) VALUES (122, 'Categoria_122', 17);
INSERT INTO marketplace.categorias (id, nome, categoria_pai_id) VALUES (123, 'Categoria_123', 5);
INSERT INTO marketplace.categorias (id, nome, categoria_pai_id) VALUES (124, 'Categoria_124', 15);
INSERT INTO marketplace.categorias (id, nome, categoria_pai_id) VALUES (125, 'Categoria_125', 6);
INSERT INTO marketplace.categorias (id, nome, categoria_pai_id) VALUES (126, 'Categoria_126', 8);
INSERT INTO marketplace.categorias (id, nome, categoria_pai_id) VALUES (127, 'Categoria_127', 3);
INSERT INTO marketplace.categorias (id, nome, categoria_pai_id) VALUES (128, 'Categoria_128', 17);
INSERT INTO marketplace.categorias (id, nome, categoria_pai_id) VALUES (129, 'Categoria_129', 9);
INSERT INTO marketplace.categorias (id, nome, categoria_pai_id) VALUES (130, 'Categoria_130', 7);
INSERT INTO marketplace.categorias (id, nome, categoria_pai_id) VALUES (131, 'Categoria_131', 5);
INSERT INTO marketplace.categorias (id, nome, categoria_pai_id) VALUES (132, 'Categoria_132', 6);
INSERT INTO marketplace.categorias (id, nome, categoria_pai_id) VALUES (133, 'Categoria_133', 6);
INSERT INTO marketplace.categorias (id, nome, categoria_pai_id) VALUES (134, 'Categoria_134', 12);
INSERT INTO marketplace.categorias (id, nome, categoria_pai_id) VALUES (135, 'Categoria_135', 20);
INSERT INTO marketplace.categorias (id, nome, categoria_pai_id) VALUES (136, 'Categoria_136', 4);
INSERT INTO marketplace.categorias (id, nome, categoria_pai_id) VALUES (137, 'Categoria_137', 8);
INSERT INTO marketplace.categorias (id, nome, categoria_pai_id) VALUES (138, 'Categoria_138', 14);
INSERT INTO marketplace.categorias (id, nome, categoria_pai_id) VALUES (139, 'Categoria_139', 11);
INSERT INTO marketplace.categorias (id, nome, categoria_pai_id) VALUES (140, 'Categoria_140', 4);
INSERT INTO marketplace.categorias (id, nome, categoria_pai_id) VALUES (141, 'Categoria_141', 16);
INSERT INTO marketplace.categorias (id, nome, categoria_pai_id) VALUES (142, 'Categoria_142', 16);
INSERT INTO marketplace.categorias (id, nome, categoria_pai_id) VALUES (143, 'Categoria_143', 16);
INSERT INTO marketplace.categorias (id, nome, categoria_pai_id) VALUES (144, 'Categoria_144', 7);
INSERT INTO marketplace.categorias (id, nome, categoria_pai_id) VALUES (145, 'Categoria_145', 19);
INSERT INTO marketplace.categorias (id, nome, categoria_pai_id) VALUES (146, 'Categoria_146', 6);
INSERT INTO marketplace.categorias (id, nome, categoria_pai_id) VALUES (147, 'Categoria_147', 14);
INSERT INTO marketplace.categorias (id, nome, categoria_pai_id) VALUES (148, 'Categoria_148', 1);
INSERT INTO marketplace.categorias (id, nome, categoria_pai_id) VALUES (149, 'Categoria_149', 8);
INSERT INTO marketplace.categorias (id, nome, categoria_pai_id) VALUES (150, 'Categoria_150', 2);
INSERT INTO marketplace.categorias (id, nome, categoria_pai_id) VALUES (151, 'Categoria_151', 5);
INSERT INTO marketplace.categorias (id, nome, categoria_pai_id) VALUES (152, 'Categoria_152', 19);
INSERT INTO marketplace.categorias (id, nome, categoria_pai_id) VALUES (153, 'Categoria_153', 19);
INSERT INTO marketplace.categorias (id, nome, categoria_pai_id) VALUES (154, 'Categoria_154', 6);
INSERT INTO marketplace.categorias (id, nome, categoria_pai_id) VALUES (155, 'Categoria_155', 5);
INSERT INTO marketplace.categorias (id, nome, categoria_pai_id) VALUES (156, 'Categoria_156', 17);
INSERT INTO marketplace.categorias (id, nome, categoria_pai_id) VALUES (157, 'Categoria_157', 2);
INSERT INTO marketplace.categorias (id, nome, categoria_pai_id) VALUES (158, 'Categoria_158', 19);
INSERT INTO marketplace.categorias (id, nome, categoria_pai_id) VALUES (159, 'Categoria_159', 5);
INSERT INTO marketplace.categorias (id, nome, categoria_pai_id) VALUES (160, 'Categoria_160', 2);
INSERT INTO marketplace.categorias (id, nome, categoria_pai_id) VALUES (161, 'Categoria_161', 6);
INSERT INTO marketplace.categorias (id, nome, categoria_pai_id) VALUES (162, 'Categoria_162', 9);
INSERT INTO marketplace.categorias (id, nome, categoria_pai_id) VALUES (163, 'Categoria_163', 6);
INSERT INTO marketplace.categorias (id, nome, categoria_pai_id) VALUES (164, 'Categoria_164', 17);
INSERT INTO marketplace.categorias (id, nome, categoria_pai_id) VALUES (165, 'Categoria_165', 13);
INSERT INTO marketplace.categorias (id, nome, categoria_pai_id) VALUES (166, 'Categoria_166', 20);
INSERT INTO marketplace.categorias (id, nome, categoria_pai_id) VALUES (167, 'Categoria_167', 19);
INSERT INTO marketplace.categorias (id, nome, categoria_pai_id) VALUES (168, 'Categoria_168', 1);
INSERT INTO marketplace.categorias (id, nome, categoria_pai_id) VALUES (169, 'Categoria_169', 10);
INSERT INTO marketplace.categorias (id, nome, categoria_pai_id) VALUES (170, 'Categoria_170', 3);
INSERT INTO marketplace.categorias (id, nome, categoria_pai_id) VALUES (171, 'Categoria_171', 7);
INSERT INTO marketplace.categorias (id, nome, categoria_pai_id) VALUES (172, 'Categoria_172', 15);
INSERT INTO marketplace.categorias (id, nome, categoria_pai_id) VALUES (173, 'Categoria_173', 20);
INSERT INTO marketplace.categorias (id, nome, categoria_pai_id) VALUES (174, 'Categoria_174', 16);
INSERT INTO marketplace.categorias (id, nome, categoria_pai_id) VALUES (175, 'Categoria_175', 16);
INSERT INTO marketplace.categorias (id, nome, categoria_pai_id) VALUES (176, 'Categoria_176', 6);
INSERT INTO marketplace.categorias (id, nome, categoria_pai_id) VALUES (177, 'Categoria_177', 8);
INSERT INTO marketplace.categorias (id, nome, categoria_pai_id) VALUES (178, 'Categoria_178', 14);
INSERT INTO marketplace.categorias (id, nome, categoria_pai_id) VALUES (179, 'Categoria_179', 20);
INSERT INTO marketplace.categorias (id, nome, categoria_pai_id) VALUES (180, 'Categoria_180', 5);
INSERT INTO marketplace.categorias (id, nome, categoria_pai_id) VALUES (181, 'Categoria_181', 19);
INSERT INTO marketplace.categorias (id, nome, categoria_pai_id) VALUES (182, 'Categoria_182', 6);
INSERT INTO marketplace.categorias (id, nome, categoria_pai_id) VALUES (183, 'Categoria_183', 20);
INSERT INTO marketplace.categorias (id, nome, categoria_pai_id) VALUES (184, 'Categoria_184', 17);
INSERT INTO marketplace.categorias (id, nome, categoria_pai_id) VALUES (185, 'Categoria_185', 9);
INSERT INTO marketplace.categorias (id, nome, categoria_pai_id) VALUES (186, 'Categoria_186', 6);
INSERT INTO marketplace.categorias (id, nome, categoria_pai_id) VALUES (187, 'Categoria_187', 11);
INSERT INTO marketplace.categorias (id, nome, categoria_pai_id) VALUES (188, 'Categoria_188', 15);
INSERT INTO marketplace.categorias (id, nome, categoria_pai_id) VALUES (189, 'Categoria_189', 20);
INSERT INTO marketplace.categorias (id, nome, categoria_pai_id) VALUES (190, 'Categoria_190', 19);
INSERT INTO marketplace.categorias (id, nome, categoria_pai_id) VALUES (191, 'Categoria_191', 3);
INSERT INTO marketplace.categorias (id, nome, categoria_pai_id) VALUES (192, 'Categoria_192', 8);
INSERT INTO marketplace.categorias (id, nome, categoria_pai_id) VALUES (193, 'Categoria_193', 13);
INSERT INTO marketplace.categorias (id, nome, categoria_pai_id) VALUES (194, 'Categoria_194', 13);
INSERT INTO marketplace.categorias (id, nome, categoria_pai_id) VALUES (195, 'Categoria_195', 5);
INSERT INTO marketplace.categorias (id, nome, categoria_pai_id) VALUES (196, 'Categoria_196', 4);
INSERT INTO marketplace.categorias (id, nome, categoria_pai_id) VALUES (197, 'Categoria_197', 1);
INSERT INTO marketplace.categorias (id, nome, categoria_pai_id) VALUES (198, 'Categoria_198', 7);
INSERT INTO marketplace.categorias (id, nome, categoria_pai_id) VALUES (199, 'Categoria_199', 17);
INSERT INTO marketplace.categorias (id, nome, categoria_pai_id) VALUES (200, 'Categoria_200', 17);

create table marketplace.livros(
  id int primary key,
  titulo text not null,
  preco numeric check(preco >= 0),
  categoria_id int references marketplace.categorias(id),
  vendedor_id int references marketplace.vendedores(id),
  estoque int check(estoque >= 0)
);

INSERT INTO marketplace.livros (id, titulo, preco, categoria_id, vendedor_id, estoque) VALUES (1, 'Livro 1: TQZLl3', 183.85, 137, 129, 385);
INSERT INTO marketplace.livros (id, titulo, preco, categoria_id, vendedor_id, estoque) VALUES (2, 'Livro 2: ThDiLZ', 270.02, 199, 174, 332);
INSERT INTO marketplace.livros (id, titulo, preco, categoria_id, vendedor_id, estoque) VALUES (3, 'Livro 3: TAA2RA', 282.04, 124, 197, 195);
INSERT INTO marketplace.livros (id, titulo, preco, categoria_id, vendedor_id, estoque) VALUES (4, 'Livro 4: TvX4ZJ', 133.29, 66, 123, 392);
INSERT INTO marketplace.livros (id, titulo, preco, categoria_id, vendedor_id, estoque) VALUES (5, 'Livro 5: To1r2z', 64.72, 182, 191, 404);
INSERT INTO marketplace.livros (id, titulo, preco, categoria_id, vendedor_id, estoque) VALUES (6, 'Livro 6: TaGGxm', 243.14, 105, 93, 54);
INSERT INTO marketplace.livros (id, titulo, preco, categoria_id, vendedor_id, estoque) VALUES (7, 'Livro 7: TjOp1A', 115.94, 71, 175, 203);
INSERT INTO marketplace.livros (id, titulo, preco, categoria_id, vendedor_id, estoque) VALUES (8, 'Livro 8: TUzWDw', 170.82, 65, 79, 295);
INSERT INTO marketplace.livros (id, titulo, preco, categoria_id, vendedor_id, estoque) VALUES (9, 'Livro 9: TvRT1O', 226.77, 115, 180, 486);
INSERT INTO marketplace.livros (id, titulo, preco, categoria_id, vendedor_id, estoque) VALUES (10, 'Livro 10: TknyuI', 212.05, 181, 14, 82);
INSERT INTO marketplace.livros (id, titulo, preco, categoria_id, vendedor_id, estoque) VALUES (11, 'Livro 11: TyNXZD', 183.97, 23, 17, 134);
INSERT INTO marketplace.livros (id, titulo, preco, categoria_id, vendedor_id, estoque) VALUES (12, 'Livro 12: Tnecx9', 187.95, 134, 74, 364);
INSERT INTO marketplace.livros (id, titulo, preco, categoria_id, vendedor_id, estoque) VALUES (13, 'Livro 13: T7dVkE', 13.01, 169, 133, 146);
INSERT INTO marketplace.livros (id, titulo, preco, categoria_id, vendedor_id, estoque) VALUES (14, 'Livro 14: TmWFRM', 205.37, 93, 62, 335);
INSERT INTO marketplace.livros (id, titulo, preco, categoria_id, vendedor_id, estoque) VALUES (15, 'Livro 15: Taj9Wv', 124.49, 151, 52, 265);
INSERT INTO marketplace.livros (id, titulo, preco, categoria_id, vendedor_id, estoque) VALUES (16, 'Livro 16: TaR4IT', 172.04, 150, 90, 177);
INSERT INTO marketplace.livros (id, titulo, preco, categoria_id, vendedor_id, estoque) VALUES (17, 'Livro 17: T7rLm5', 176.62, 67, 45, 208);
INSERT INTO marketplace.livros (id, titulo, preco, categoria_id, vendedor_id, estoque) VALUES (18, 'Livro 18: TFIFvh', 158.75, 66, 138, 416);
INSERT INTO marketplace.livros (id, titulo, preco, categoria_id, vendedor_id, estoque) VALUES (19, 'Livro 19: TXpBxD', 80.45, 87, 199, 234);
INSERT INTO marketplace.livros (id, titulo, preco, categoria_id, vendedor_id, estoque) VALUES (20, 'Livro 20: TQ31Dp', 120.88, 57, 174, 359);
INSERT INTO marketplace.livros (id, titulo, preco, categoria_id, vendedor_id, estoque) VALUES (21, 'Livro 21: Tot7Ga', 251.23, 64, 74, 47);
INSERT INTO marketplace.livros (id, titulo, preco, categoria_id, vendedor_id, estoque) VALUES (22, 'Livro 22: TyUvIl', 100.92, 56, 147, 137);
INSERT INTO marketplace.livros (id, titulo, preco, categoria_id, vendedor_id, estoque) VALUES (23, 'Livro 23: TlU5lT', 78.01, 62, 68, 105);
INSERT INTO marketplace.livros (id, titulo, preco, categoria_id, vendedor_id, estoque) VALUES (24, 'Livro 24: ToZZwW', 44.66, 21, 174, 489);
INSERT INTO marketplace.livros (id, titulo, preco, categoria_id, vendedor_id, estoque) VALUES (25, 'Livro 25: TPMVHc', 149.76, 159, 81, 252);
INSERT INTO marketplace.livros (id, titulo, preco, categoria_id, vendedor_id, estoque) VALUES (26, 'Livro 26: T32Jrl', 231.54, 131, 72, 203);
INSERT INTO marketplace.livros (id, titulo, preco, categoria_id, vendedor_id, estoque) VALUES (27, 'Livro 27: TnJdXD', 166.72, 129, 89, 201);
INSERT INTO marketplace.livros (id, titulo, preco, categoria_id, vendedor_id, estoque) VALUES (28, 'Livro 28: T1WChG', 101.44, 3, 4, 345);
INSERT INTO marketplace.livros (id, titulo, preco, categoria_id, vendedor_id, estoque) VALUES (29, 'Livro 29: TnKuLq', 168.98, 61, 69, 241);
INSERT INTO marketplace.livros (id, titulo, preco, categoria_id, vendedor_id, estoque) VALUES (30, 'Livro 30: T7vlAz', 228.04, 94, 103, 143);
INSERT INTO marketplace.livros (id, titulo, preco, categoria_id, vendedor_id, estoque) VALUES (31, 'Livro 31: TBJ8QY', 218.94, 61, 143, 221);
INSERT INTO marketplace.livros (id, titulo, preco, categoria_id, vendedor_id, estoque) VALUES (32, 'Livro 32: T1mXTD', 12.73, 108, 128, 68);
INSERT INTO marketplace.livros (id, titulo, preco, categoria_id, vendedor_id, estoque) VALUES (33, 'Livro 33: T90GSW', 96.91, 144, 146, 24);
INSERT INTO marketplace.livros (id, titulo, preco, categoria_id, vendedor_id, estoque) VALUES (34, 'Livro 34: TyQdYD', 192.56, 116, 191, 171);
INSERT INTO marketplace.livros (id, titulo, preco, categoria_id, vendedor_id, estoque) VALUES (35, 'Livro 35: TqwIYv', 129.31, 90, 174, 493);
INSERT INTO marketplace.livros (id, titulo, preco, categoria_id, vendedor_id, estoque) VALUES (36, 'Livro 36: TLJOH8', 92.44, 84, 173, 261);
INSERT INTO marketplace.livros (id, titulo, preco, categoria_id, vendedor_id, estoque) VALUES (37, 'Livro 37: TET3xr', 193.1, 38, 43, 327);
INSERT INTO marketplace.livros (id, titulo, preco, categoria_id, vendedor_id, estoque) VALUES (38, 'Livro 38: TYuNJ0', 30.59, 42, 88, 116);
INSERT INTO marketplace.livros (id, titulo, preco, categoria_id, vendedor_id, estoque) VALUES (39, 'Livro 39: TtOSLy', 267.33, 200, 93, 382);
INSERT INTO marketplace.livros (id, titulo, preco, categoria_id, vendedor_id, estoque) VALUES (40, 'Livro 40: TK7zlb', 220.95, 170, 65, 481);
INSERT INTO marketplace.livros (id, titulo, preco, categoria_id, vendedor_id, estoque) VALUES (41, 'Livro 41: TUUnyf', 281.57, 122, 141, 27);
INSERT INTO marketplace.livros (id, titulo, preco, categoria_id, vendedor_id, estoque) VALUES (42, 'Livro 42: TbyVfq', 54.93, 168, 100, 158);
INSERT INTO marketplace.livros (id, titulo, preco, categoria_id, vendedor_id, estoque) VALUES (43, 'Livro 43: ToTBhG', 59.38, 9, 170, 182);
INSERT INTO marketplace.livros (id, titulo, preco, categoria_id, vendedor_id, estoque) VALUES (44, 'Livro 44: T1uD8H', 88.9, 114, 35, 496);
INSERT INTO marketplace.livros (id, titulo, preco, categoria_id, vendedor_id, estoque) VALUES (45, 'Livro 45: T6HKCU', 264.32, 112, 135, 327);
INSERT INTO marketplace.livros (id, titulo, preco, categoria_id, vendedor_id, estoque) VALUES (46, 'Livro 46: TNtvHX', 138.04, 94, 106, 133);
INSERT INTO marketplace.livros (id, titulo, preco, categoria_id, vendedor_id, estoque) VALUES (47, 'Livro 47: TjaGVi', 93.06, 137, 3, 352);
INSERT INTO marketplace.livros (id, titulo, preco, categoria_id, vendedor_id, estoque) VALUES (48, 'Livro 48: T56DaA', 94.85, 60, 2, 280);
INSERT INTO marketplace.livros (id, titulo, preco, categoria_id, vendedor_id, estoque) VALUES (49, 'Livro 49: TxzIyk', 223.66, 100, 97, 112);
INSERT INTO marketplace.livros (id, titulo, preco, categoria_id, vendedor_id, estoque) VALUES (50, 'Livro 50: TqAoV4', 244.1, 176, 70, 145);
INSERT INTO marketplace.livros (id, titulo, preco, categoria_id, vendedor_id, estoque) VALUES (51, 'Livro 51: TOGqle', 49.52, 29, 164, 233);
INSERT INTO marketplace.livros (id, titulo, preco, categoria_id, vendedor_id, estoque) VALUES (52, 'Livro 52: TMqMlb', 24.29, 137, 6, 95);
INSERT INTO marketplace.livros (id, titulo, preco, categoria_id, vendedor_id, estoque) VALUES (53, 'Livro 53: T8rhBa', 36.06, 4, 127, 111);
INSERT INTO marketplace.livros (id, titulo, preco, categoria_id, vendedor_id, estoque) VALUES (54, 'Livro 54: TvtX9C', 239.41, 85, 21, 431);
INSERT INTO marketplace.livros (id, titulo, preco, categoria_id, vendedor_id, estoque) VALUES (55, 'Livro 55: TUjqyH', 62.57, 65, 98, 424);
INSERT INTO marketplace.livros (id, titulo, preco, categoria_id, vendedor_id, estoque) VALUES (56, 'Livro 56: Ta8Sx8', 81.58, 9, 51, 235);
INSERT INTO marketplace.livros (id, titulo, preco, categoria_id, vendedor_id, estoque) VALUES (57, 'Livro 57: TTfPmy', 288.65, 83, 41, 322);
INSERT INTO marketplace.livros (id, titulo, preco, categoria_id, vendedor_id, estoque) VALUES (58, 'Livro 58: TTUIhD', 96.56, 93, 14, 442);
INSERT INTO marketplace.livros (id, titulo, preco, categoria_id, vendedor_id, estoque) VALUES (59, 'Livro 59: TP8oAa', 240.27, 150, 31, 202);
INSERT INTO marketplace.livros (id, titulo, preco, categoria_id, vendedor_id, estoque) VALUES (60, 'Livro 60: TWacWD', 182.8, 96, 198, 45);
INSERT INTO marketplace.livros (id, titulo, preco, categoria_id, vendedor_id, estoque) VALUES (61, 'Livro 61: TpEQu8', 230.17, 16, 16, 182);
INSERT INTO marketplace.livros (id, titulo, preco, categoria_id, vendedor_id, estoque) VALUES (62, 'Livro 62: TNRXho', 294.59, 166, 194, 177);
INSERT INTO marketplace.livros (id, titulo, preco, categoria_id, vendedor_id, estoque) VALUES (63, 'Livro 63: TXBlQw', 48.97, 11, 125, 361);
INSERT INTO marketplace.livros (id, titulo, preco, categoria_id, vendedor_id, estoque) VALUES (64, 'Livro 64: TBsRll', 110.72, 188, 120, 140);
INSERT INTO marketplace.livros (id, titulo, preco, categoria_id, vendedor_id, estoque) VALUES (65, 'Livro 65: T1L1jG', 140.22, 68, 139, 187);
INSERT INTO marketplace.livros (id, titulo, preco, categoria_id, vendedor_id, estoque) VALUES (66, 'Livro 66: TCWFT2', 189.62, 94, 199, 317);
INSERT INTO marketplace.livros (id, titulo, preco, categoria_id, vendedor_id, estoque) VALUES (67, 'Livro 67: ToSOHy', 161.88, 128, 197, 282);
INSERT INTO marketplace.livros (id, titulo, preco, categoria_id, vendedor_id, estoque) VALUES (68, 'Livro 68: Tjrztf', 200.98, 12, 34, 91);
INSERT INTO marketplace.livros (id, titulo, preco, categoria_id, vendedor_id, estoque) VALUES (69, 'Livro 69: T2mEgJ', 252.43, 169, 126, 269);
INSERT INTO marketplace.livros (id, titulo, preco, categoria_id, vendedor_id, estoque) VALUES (70, 'Livro 70: TMKdnS', 13.69, 54, 168, 251);
INSERT INTO marketplace.livros (id, titulo, preco, categoria_id, vendedor_id, estoque) VALUES (71, 'Livro 71: T5ZDNw', 225.51, 107, 95, 406);
INSERT INTO marketplace.livros (id, titulo, preco, categoria_id, vendedor_id, estoque) VALUES (72, 'Livro 72: TRZqce', 98.03, 56, 133, 49);
INSERT INTO marketplace.livros (id, titulo, preco, categoria_id, vendedor_id, estoque) VALUES (73, 'Livro 73: TgoxlO', 175.21, 46, 143, 383);
INSERT INTO marketplace.livros (id, titulo, preco, categoria_id, vendedor_id, estoque) VALUES (74, 'Livro 74: TIUVJP', 213.64, 110, 27, 85);
INSERT INTO marketplace.livros (id, titulo, preco, categoria_id, vendedor_id, estoque) VALUES (75, 'Livro 75: TXIFOH', 183.88, 91, 81, 281);
INSERT INTO marketplace.livros (id, titulo, preco, categoria_id, vendedor_id, estoque) VALUES (76, 'Livro 76: T9uxVA', 220.4, 156, 62, 288);
INSERT INTO marketplace.livros (id, titulo, preco, categoria_id, vendedor_id, estoque) VALUES (77, 'Livro 77: THxIUw', 141.1, 102, 1, 371);
INSERT INTO marketplace.livros (id, titulo, preco, categoria_id, vendedor_id, estoque) VALUES (78, 'Livro 78: Tcrbi3', 11.8, 57, 55, 438);
INSERT INTO marketplace.livros (id, titulo, preco, categoria_id, vendedor_id, estoque) VALUES (79, 'Livro 79: TtV6Y4', 158.17, 147, 147, 79);
INSERT INTO marketplace.livros (id, titulo, preco, categoria_id, vendedor_id, estoque) VALUES (80, 'Livro 80: TfCjq3', 82.36, 66, 77, 47);
INSERT INTO marketplace.livros (id, titulo, preco, categoria_id, vendedor_id, estoque) VALUES (81, 'Livro 81: TJJneu', 149.83, 125, 177, 359);
INSERT INTO marketplace.livros (id, titulo, preco, categoria_id, vendedor_id, estoque) VALUES (82, 'Livro 82: TJ4KsT', 177.02, 21, 200, 28);
INSERT INTO marketplace.livros (id, titulo, preco, categoria_id, vendedor_id, estoque) VALUES (83, 'Livro 83: T5u2A5', 44.86, 198, 59, 382);
INSERT INTO marketplace.livros (id, titulo, preco, categoria_id, vendedor_id, estoque) VALUES (84, 'Livro 84: TOLaWx', 98.29, 11, 82, 276);
INSERT INTO marketplace.livros (id, titulo, preco, categoria_id, vendedor_id, estoque) VALUES (85, 'Livro 85: TJuRjP', 299.14, 115, 193, 304);
INSERT INTO marketplace.livros (id, titulo, preco, categoria_id, vendedor_id, estoque) VALUES (86, 'Livro 86: TJfAWj', 107.39, 122, 147, 381);
INSERT INTO marketplace.livros (id, titulo, preco, categoria_id, vendedor_id, estoque) VALUES (87, 'Livro 87: TdyfFV', 47.71, 35, 124, 286);
INSERT INTO marketplace.livros (id, titulo, preco, categoria_id, vendedor_id, estoque) VALUES (88, 'Livro 88: TmyJI9', 161.93, 63, 19, 136);
INSERT INTO marketplace.livros (id, titulo, preco, categoria_id, vendedor_id, estoque) VALUES (89, 'Livro 89: TWu5fP', 132.73, 90, 49, 164);
INSERT INTO marketplace.livros (id, titulo, preco, categoria_id, vendedor_id, estoque) VALUES (90, 'Livro 90: TvOVkv', 248.16, 114, 160, 74);
INSERT INTO marketplace.livros (id, titulo, preco, categoria_id, vendedor_id, estoque) VALUES (91, 'Livro 91: TB5oQj', 221.16, 22, 29, 378);
INSERT INTO marketplace.livros (id, titulo, preco, categoria_id, vendedor_id, estoque) VALUES (92, 'Livro 92: Td651Y', 13.88, 178, 29, 156);
INSERT INTO marketplace.livros (id, titulo, preco, categoria_id, vendedor_id, estoque) VALUES (93, 'Livro 93: TBbmHm', 161.65, 67, 141, 247);
INSERT INTO marketplace.livros (id, titulo, preco, categoria_id, vendedor_id, estoque) VALUES (94, 'Livro 94: TM9RPx', 272.65, 135, 12, 130);
INSERT INTO marketplace.livros (id, titulo, preco, categoria_id, vendedor_id, estoque) VALUES (95, 'Livro 95: TkrWMd', 199.78, 3, 18, 198);
INSERT INTO marketplace.livros (id, titulo, preco, categoria_id, vendedor_id, estoque) VALUES (96, 'Livro 96: TOP4wg', 94.72, 167, 99, 118);
INSERT INTO marketplace.livros (id, titulo, preco, categoria_id, vendedor_id, estoque) VALUES (97, 'Livro 97: T8FS4E', 183.06, 23, 48, 101);
INSERT INTO marketplace.livros (id, titulo, preco, categoria_id, vendedor_id, estoque) VALUES (98, 'Livro 98: TFC5bp', 163.43, 86, 126, 201);
INSERT INTO marketplace.livros (id, titulo, preco, categoria_id, vendedor_id, estoque) VALUES (99, 'Livro 99: TUbQws', 298.74, 129, 71, 415);
INSERT INTO marketplace.livros (id, titulo, preco, categoria_id, vendedor_id, estoque) VALUES (100, 'Livro 100: Tdpy99', 283.7, 72, 58, 77);
INSERT INTO marketplace.livros (id, titulo, preco, categoria_id, vendedor_id, estoque) VALUES (101, 'Livro 101: TvyiTG', 206.52, 161, 176, 116);
INSERT INTO marketplace.livros (id, titulo, preco, categoria_id, vendedor_id, estoque) VALUES (102, 'Livro 102: TzJAtL', 140.16, 34, 53, 334);
INSERT INTO marketplace.livros (id, titulo, preco, categoria_id, vendedor_id, estoque) VALUES (103, 'Livro 103: TiHX1t', 214.39, 135, 35, 220);
INSERT INTO marketplace.livros (id, titulo, preco, categoria_id, vendedor_id, estoque) VALUES (104, 'Livro 104: T98i54', 101.97, 143, 137, 485);
INSERT INTO marketplace.livros (id, titulo, preco, categoria_id, vendedor_id, estoque) VALUES (105, 'Livro 105: TSl0jb', 102.32, 106, 106, 155);
INSERT INTO marketplace.livros (id, titulo, preco, categoria_id, vendedor_id, estoque) VALUES (106, 'Livro 106: TB535q', 235.84, 28, 34, 94);
INSERT INTO marketplace.livros (id, titulo, preco, categoria_id, vendedor_id, estoque) VALUES (107, 'Livro 107: Tb9MLL', 182.84, 60, 176, 13);
INSERT INTO marketplace.livros (id, titulo, preco, categoria_id, vendedor_id, estoque) VALUES (108, 'Livro 108: TwQDFL', 216.39, 96, 48, 436);
INSERT INTO marketplace.livros (id, titulo, preco, categoria_id, vendedor_id, estoque) VALUES (109, 'Livro 109: TyDkoz', 290.86, 70, 106, 113);
INSERT INTO marketplace.livros (id, titulo, preco, categoria_id, vendedor_id, estoque) VALUES (110, 'Livro 110: TU9Ue5', 295.73, 158, 126, 352);
INSERT INTO marketplace.livros (id, titulo, preco, categoria_id, vendedor_id, estoque) VALUES (111, 'Livro 111: TuCpzc', 223.15, 98, 185, 160);
INSERT INTO marketplace.livros (id, titulo, preco, categoria_id, vendedor_id, estoque) VALUES (112, 'Livro 112: Ty6JHN', 214.09, 10, 134, 55);
INSERT INTO marketplace.livros (id, titulo, preco, categoria_id, vendedor_id, estoque) VALUES (113, 'Livro 113: TBZc9G', 124.63, 189, 11, 285);
INSERT INTO marketplace.livros (id, titulo, preco, categoria_id, vendedor_id, estoque) VALUES (114, 'Livro 114: TyV7lB', 266.38, 199, 74, 236);
INSERT INTO marketplace.livros (id, titulo, preco, categoria_id, vendedor_id, estoque) VALUES (115, 'Livro 115: Tks4Q4', 144.34, 166, 116, 46);
INSERT INTO marketplace.livros (id, titulo, preco, categoria_id, vendedor_id, estoque) VALUES (116, 'Livro 116: TShW6R', 49.14, 106, 83, 230);
INSERT INTO marketplace.livros (id, titulo, preco, categoria_id, vendedor_id, estoque) VALUES (117, 'Livro 117: TbC332', 36.05, 83, 178, 332);
INSERT INTO marketplace.livros (id, titulo, preco, categoria_id, vendedor_id, estoque) VALUES (118, 'Livro 118: T4XShh', 140.23, 93, 22, 268);
INSERT INTO marketplace.livros (id, titulo, preco, categoria_id, vendedor_id, estoque) VALUES (119, 'Livro 119: TRT8Lj', 169.5, 12, 197, 87);
INSERT INTO marketplace.livros (id, titulo, preco, categoria_id, vendedor_id, estoque) VALUES (120, 'Livro 120: T4JOj1', 61.77, 183, 14, 214);
INSERT INTO marketplace.livros (id, titulo, preco, categoria_id, vendedor_id, estoque) VALUES (121, 'Livro 121: TtT7rl', 270.48, 52, 1, 318);
INSERT INTO marketplace.livros (id, titulo, preco, categoria_id, vendedor_id, estoque) VALUES (122, 'Livro 122: TVaEEY', 186.22, 127, 61, 111);
INSERT INTO marketplace.livros (id, titulo, preco, categoria_id, vendedor_id, estoque) VALUES (123, 'Livro 123: TKDzeL', 80.87, 141, 72, 317);
INSERT INTO marketplace.livros (id, titulo, preco, categoria_id, vendedor_id, estoque) VALUES (124, 'Livro 124: TMYmld', 111.12, 38, 9, 341);
INSERT INTO marketplace.livros (id, titulo, preco, categoria_id, vendedor_id, estoque) VALUES (125, 'Livro 125: TJLufg', 298.08, 42, 173, 145);
INSERT INTO marketplace.livros (id, titulo, preco, categoria_id, vendedor_id, estoque) VALUES (126, 'Livro 126: TLQKWk', 141.95, 149, 93, 476);
INSERT INTO marketplace.livros (id, titulo, preco, categoria_id, vendedor_id, estoque) VALUES (127, 'Livro 127: TcVu3Y', 229.85, 141, 17, 149);
INSERT INTO marketplace.livros (id, titulo, preco, categoria_id, vendedor_id, estoque) VALUES (128, 'Livro 128: TDh1uz', 70.76, 54, 157, 29);
INSERT INTO marketplace.livros (id, titulo, preco, categoria_id, vendedor_id, estoque) VALUES (129, 'Livro 129: TgTM9D', 209.61, 181, 74, 218);
INSERT INTO marketplace.livros (id, titulo, preco, categoria_id, vendedor_id, estoque) VALUES (130, 'Livro 130: TLtG9v', 47.52, 145, 128, 266);
INSERT INTO marketplace.livros (id, titulo, preco, categoria_id, vendedor_id, estoque) VALUES (131, 'Livro 131: TTEY2o', 94.14, 50, 1, 60);
INSERT INTO marketplace.livros (id, titulo, preco, categoria_id, vendedor_id, estoque) VALUES (132, 'Livro 132: TbMh0X', 299.61, 106, 12, 170);
INSERT INTO marketplace.livros (id, titulo, preco, categoria_id, vendedor_id, estoque) VALUES (133, 'Livro 133: TvXnNQ', 83.68, 18, 79, 153);
INSERT INTO marketplace.livros (id, titulo, preco, categoria_id, vendedor_id, estoque) VALUES (134, 'Livro 134: TFuaQv', 219.98, 158, 8, 426);
INSERT INTO marketplace.livros (id, titulo, preco, categoria_id, vendedor_id, estoque) VALUES (135, 'Livro 135: TkuuP4', 241.1, 166, 35, 246);
INSERT INTO marketplace.livros (id, titulo, preco, categoria_id, vendedor_id, estoque) VALUES (136, 'Livro 136: TjC13C', 246.01, 191, 15, 427);
INSERT INTO marketplace.livros (id, titulo, preco, categoria_id, vendedor_id, estoque) VALUES (137, 'Livro 137: TGJQIb', 177.35, 85, 91, 33);
INSERT INTO marketplace.livros (id, titulo, preco, categoria_id, vendedor_id, estoque) VALUES (138, 'Livro 138: T8rb8M', 254.2, 147, 156, 199);
INSERT INTO marketplace.livros (id, titulo, preco, categoria_id, vendedor_id, estoque) VALUES (139, 'Livro 139: TlhWt1', 215.75, 70, 106, 44);
INSERT INTO marketplace.livros (id, titulo, preco, categoria_id, vendedor_id, estoque) VALUES (140, 'Livro 140: TEoC6n', 97.57, 29, 96, 401);
INSERT INTO marketplace.livros (id, titulo, preco, categoria_id, vendedor_id, estoque) VALUES (141, 'Livro 141: TcmfFX', 272.34, 40, 49, 174);
INSERT INTO marketplace.livros (id, titulo, preco, categoria_id, vendedor_id, estoque) VALUES (142, 'Livro 142: T5TGWi', 262.72, 133, 174, 67);
INSERT INTO marketplace.livros (id, titulo, preco, categoria_id, vendedor_id, estoque) VALUES (143, 'Livro 143: Tmcy1h', 100.08, 12, 176, 434);
INSERT INTO marketplace.livros (id, titulo, preco, categoria_id, vendedor_id, estoque) VALUES (144, 'Livro 144: TKfCcG', 201.01, 80, 6, 295);
INSERT INTO marketplace.livros (id, titulo, preco, categoria_id, vendedor_id, estoque) VALUES (145, 'Livro 145: TVNnmr', 164.26, 198, 113, 343);
INSERT INTO marketplace.livros (id, titulo, preco, categoria_id, vendedor_id, estoque) VALUES (146, 'Livro 146: ThjqaM', 158.98, 53, 139, 179);
INSERT INTO marketplace.livros (id, titulo, preco, categoria_id, vendedor_id, estoque) VALUES (147, 'Livro 147: TIq6XJ', 59.57, 80, 157, 456);
INSERT INTO marketplace.livros (id, titulo, preco, categoria_id, vendedor_id, estoque) VALUES (148, 'Livro 148: TvBiDP', 40.62, 14, 23, 218);
INSERT INTO marketplace.livros (id, titulo, preco, categoria_id, vendedor_id, estoque) VALUES (149, 'Livro 149: TyR3NQ', 139.19, 92, 80, 170);
INSERT INTO marketplace.livros (id, titulo, preco, categoria_id, vendedor_id, estoque) VALUES (150, 'Livro 150: TYSPH8', 229.07, 120, 146, 67);
INSERT INTO marketplace.livros (id, titulo, preco, categoria_id, vendedor_id, estoque) VALUES (151, 'Livro 151: TfXRgt', 196.78, 197, 120, 240);
INSERT INTO marketplace.livros (id, titulo, preco, categoria_id, vendedor_id, estoque) VALUES (152, 'Livro 152: Ton1M4', 123.6, 180, 171, 169);
INSERT INTO marketplace.livros (id, titulo, preco, categoria_id, vendedor_id, estoque) VALUES (153, 'Livro 153: TW2CbD', 111.82, 119, 44, 144);
INSERT INTO marketplace.livros (id, titulo, preco, categoria_id, vendedor_id, estoque) VALUES (154, 'Livro 154: TVLhgY', 240.96, 84, 143, 332);
INSERT INTO marketplace.livros (id, titulo, preco, categoria_id, vendedor_id, estoque) VALUES (155, 'Livro 155: TesCKo', 80.57, 41, 124, 196);
INSERT INTO marketplace.livros (id, titulo, preco, categoria_id, vendedor_id, estoque) VALUES (156, 'Livro 156: TemRA8', 174.39, 88, 140, 355);
INSERT INTO marketplace.livros (id, titulo, preco, categoria_id, vendedor_id, estoque) VALUES (157, 'Livro 157: ToPe5J', 151.02, 152, 153, 237);
INSERT INTO marketplace.livros (id, titulo, preco, categoria_id, vendedor_id, estoque) VALUES (158, 'Livro 158: TugBtz', 183.4, 176, 153, 394);
INSERT INTO marketplace.livros (id, titulo, preco, categoria_id, vendedor_id, estoque) VALUES (159, 'Livro 159: TYuNdn', 50.19, 149, 194, 325);
INSERT INTO marketplace.livros (id, titulo, preco, categoria_id, vendedor_id, estoque) VALUES (160, 'Livro 160: TYUOCs', 188.42, 115, 51, 105);
INSERT INTO marketplace.livros (id, titulo, preco, categoria_id, vendedor_id, estoque) VALUES (161, 'Livro 161: TQtJ4s', 283.47, 112, 184, 468);
INSERT INTO marketplace.livros (id, titulo, preco, categoria_id, vendedor_id, estoque) VALUES (162, 'Livro 162: Tvfa9z', 46.89, 76, 16, 189);
INSERT INTO marketplace.livros (id, titulo, preco, categoria_id, vendedor_id, estoque) VALUES (163, 'Livro 163: T38aI8', 41.71, 73, 8, 120);
INSERT INTO marketplace.livros (id, titulo, preco, categoria_id, vendedor_id, estoque) VALUES (164, 'Livro 164: TAKMSz', 136.11, 55, 170, 88);
INSERT INTO marketplace.livros (id, titulo, preco, categoria_id, vendedor_id, estoque) VALUES (165, 'Livro 165: TDlx50', 54.64, 172, 33, 68);
INSERT INTO marketplace.livros (id, titulo, preco, categoria_id, vendedor_id, estoque) VALUES (166, 'Livro 166: TaOi2O', 292.64, 35, 22, 70);
INSERT INTO marketplace.livros (id, titulo, preco, categoria_id, vendedor_id, estoque) VALUES (167, 'Livro 167: TNzCWL', 133.35, 47, 117, 260);
INSERT INTO marketplace.livros (id, titulo, preco, categoria_id, vendedor_id, estoque) VALUES (168, 'Livro 168: TAYxnA', 12.05, 128, 188, 121);
INSERT INTO marketplace.livros (id, titulo, preco, categoria_id, vendedor_id, estoque) VALUES (169, 'Livro 169: TSq5Jc', 20.88, 124, 181, 188);
INSERT INTO marketplace.livros (id, titulo, preco, categoria_id, vendedor_id, estoque) VALUES (170, 'Livro 170: ThDQiT', 295.14, 193, 200, 143);
INSERT INTO marketplace.livros (id, titulo, preco, categoria_id, vendedor_id, estoque) VALUES (171, 'Livro 171: TCe3fD', 224.99, 172, 20, 350);
INSERT INTO marketplace.livros (id, titulo, preco, categoria_id, vendedor_id, estoque) VALUES (172, 'Livro 172: TNXtdv', 235.67, 121, 117, 262);
INSERT INTO marketplace.livros (id, titulo, preco, categoria_id, vendedor_id, estoque) VALUES (173, 'Livro 173: T4Juv8', 95.34, 43, 10, 355);
INSERT INTO marketplace.livros (id, titulo, preco, categoria_id, vendedor_id, estoque) VALUES (174, 'Livro 174: T5UTId', 147.12, 44, 147, 26);
INSERT INTO marketplace.livros (id, titulo, preco, categoria_id, vendedor_id, estoque) VALUES (175, 'Livro 175: TOsTbE', 46.68, 20, 72, 129);
INSERT INTO marketplace.livros (id, titulo, preco, categoria_id, vendedor_id, estoque) VALUES (176, 'Livro 176: Tir1ag', 60.54, 152, 190, 77);
INSERT INTO marketplace.livros (id, titulo, preco, categoria_id, vendedor_id, estoque) VALUES (177, 'Livro 177: TOwkWo', 62.33, 136, 9, 175);
INSERT INTO marketplace.livros (id, titulo, preco, categoria_id, vendedor_id, estoque) VALUES (178, 'Livro 178: T97KYZ', 228.2, 106, 198, 196);
INSERT INTO marketplace.livros (id, titulo, preco, categoria_id, vendedor_id, estoque) VALUES (179, 'Livro 179: ToBNnT', 109.97, 165, 68, 386);
INSERT INTO marketplace.livros (id, titulo, preco, categoria_id, vendedor_id, estoque) VALUES (180, 'Livro 180: TYdCDD', 284.89, 137, 60, 194);
INSERT INTO marketplace.livros (id, titulo, preco, categoria_id, vendedor_id, estoque) VALUES (181, 'Livro 181: TQyqGA', 93.65, 115, 98, 347);
INSERT INTO marketplace.livros (id, titulo, preco, categoria_id, vendedor_id, estoque) VALUES (182, 'Livro 182: TtG7gG', 112.51, 111, 157, 470);
INSERT INTO marketplace.livros (id, titulo, preco, categoria_id, vendedor_id, estoque) VALUES (183, 'Livro 183: TOqqXp', 179.31, 119, 198, 345);
INSERT INTO marketplace.livros (id, titulo, preco, categoria_id, vendedor_id, estoque) VALUES (184, 'Livro 184: TUTKmu', 210.08, 47, 81, 280);
INSERT INTO marketplace.livros (id, titulo, preco, categoria_id, vendedor_id, estoque) VALUES (185, 'Livro 185: TaaezG', 208.69, 90, 57, 371);
INSERT INTO marketplace.livros (id, titulo, preco, categoria_id, vendedor_id, estoque) VALUES (186, 'Livro 186: Trlbf6', 200.32, 56, 154, 326);
INSERT INTO marketplace.livros (id, titulo, preco, categoria_id, vendedor_id, estoque) VALUES (187, 'Livro 187: Th7fLx', 231.42, 166, 145, 411);
INSERT INTO marketplace.livros (id, titulo, preco, categoria_id, vendedor_id, estoque) VALUES (188, 'Livro 188: T73RpC', 281.39, 164, 117, 472);
INSERT INTO marketplace.livros (id, titulo, preco, categoria_id, vendedor_id, estoque) VALUES (189, 'Livro 189: T9VQPV', 84.53, 200, 19, 141);
INSERT INTO marketplace.livros (id, titulo, preco, categoria_id, vendedor_id, estoque) VALUES (190, 'Livro 190: TWxud7', 86.65, 113, 18, 251);
INSERT INTO marketplace.livros (id, titulo, preco, categoria_id, vendedor_id, estoque) VALUES (191, 'Livro 191: T8myOg', 166.68, 111, 56, 314);
INSERT INTO marketplace.livros (id, titulo, preco, categoria_id, vendedor_id, estoque) VALUES (192, 'Livro 192: TN4Sge', 175.59, 65, 199, 228);
INSERT INTO marketplace.livros (id, titulo, preco, categoria_id, vendedor_id, estoque) VALUES (193, 'Livro 193: TbEOac', 123.14, 39, 180, 168);
INSERT INTO marketplace.livros (id, titulo, preco, categoria_id, vendedor_id, estoque) VALUES (194, 'Livro 194: T4JF6E', 136.36, 187, 200, 415);
INSERT INTO marketplace.livros (id, titulo, preco, categoria_id, vendedor_id, estoque) VALUES (195, 'Livro 195: TWHa7Y', 149.7, 146, 138, 478);
INSERT INTO marketplace.livros (id, titulo, preco, categoria_id, vendedor_id, estoque) VALUES (196, 'Livro 196: T9usd9', 197.55, 94, 137, 436);
INSERT INTO marketplace.livros (id, titulo, preco, categoria_id, vendedor_id, estoque) VALUES (197, 'Livro 197: T7eCVO', 61.12, 11, 99, 338);
INSERT INTO marketplace.livros (id, titulo, preco, categoria_id, vendedor_id, estoque) VALUES (198, 'Livro 198: TlR3Nw', 34.51, 162, 113, 376);
INSERT INTO marketplace.livros (id, titulo, preco, categoria_id, vendedor_id, estoque) VALUES (199, 'Livro 199: Tlcb9o', 122.64, 139, 165, 157);
INSERT INTO marketplace.livros (id, titulo, preco, categoria_id, vendedor_id, estoque) VALUES (200, 'Livro 200: TE7Y7b', 108.29, 87, 185, 21);

create table marketplace.cupons(
  codigo text unique primary key,
  descricao text not null,
  percentual int check (percentual between 0 and 100),
  ativo bool,
  valido_ate date
);

INSERT INTO marketplace.cupons (codigo, descricao, percentual, ativo, valido_ate) VALUES ('CUPOM001', 'Desconto promocional 1', 30, true, '2026-11-01');
INSERT INTO marketplace.cupons (codigo, descricao, percentual, ativo, valido_ate) VALUES ('CUPOM002', 'Desconto promocional 2', 40, false, '2026-07-04');
INSERT INTO marketplace.cupons (codigo, descricao, percentual, ativo, valido_ate) VALUES ('CUPOM003', 'Desconto promocional 3', 10, false, '2025-08-27');
INSERT INTO marketplace.cupons (codigo, descricao, percentual, ativo, valido_ate) VALUES ('CUPOM004', 'Desconto promocional 4', 5, true, '2025-05-25');
INSERT INTO marketplace.cupons (codigo, descricao, percentual, ativo, valido_ate) VALUES ('CUPOM005', 'Desconto promocional 5', 40, true, '2026-04-28');
INSERT INTO marketplace.cupons (codigo, descricao, percentual, ativo, valido_ate) VALUES ('CUPOM006', 'Desconto promocional 6', 0, true, '2026-10-27');
INSERT INTO marketplace.cupons (codigo, descricao, percentual, ativo, valido_ate) VALUES ('CUPOM007', 'Desconto promocional 7', 10, true, '2026-10-10');
INSERT INTO marketplace.cupons (codigo, descricao, percentual, ativo, valido_ate) VALUES ('CUPOM008', 'Desconto promocional 8', 0, false, '2025-04-10');
INSERT INTO marketplace.cupons (codigo, descricao, percentual, ativo, valido_ate) VALUES ('CUPOM009', 'Desconto promocional 9', 40, true, '2026-08-29');
INSERT INTO marketplace.cupons (codigo, descricao, percentual, ativo, valido_ate) VALUES ('CUPOM010', 'Desconto promocional 10', 5, false, '2025-04-19');
INSERT INTO marketplace.cupons (codigo, descricao, percentual, ativo, valido_ate) VALUES ('CUPOM011', 'Desconto promocional 11', 5, true, '2026-09-23');
INSERT INTO marketplace.cupons (codigo, descricao, percentual, ativo, valido_ate) VALUES ('CUPOM012', 'Desconto promocional 12', 15, true, '2025-07-27');
INSERT INTO marketplace.cupons (codigo, descricao, percentual, ativo, valido_ate) VALUES ('CUPOM013', 'Desconto promocional 13', 30, true, '2026-11-26');
INSERT INTO marketplace.cupons (codigo, descricao, percentual, ativo, valido_ate) VALUES ('CUPOM014', 'Desconto promocional 14', 30, true, '2026-12-02');
INSERT INTO marketplace.cupons (codigo, descricao, percentual, ativo, valido_ate) VALUES ('CUPOM015', 'Desconto promocional 15', 10, true, '2025-08-07');
INSERT INTO marketplace.cupons (codigo, descricao, percentual, ativo, valido_ate) VALUES ('CUPOM016', 'Desconto promocional 16', 0, true, '2025-12-10');
INSERT INTO marketplace.cupons (codigo, descricao, percentual, ativo, valido_ate) VALUES ('CUPOM017', 'Desconto promocional 17', 5, true, '2025-05-25');
INSERT INTO marketplace.cupons (codigo, descricao, percentual, ativo, valido_ate) VALUES ('CUPOM018', 'Desconto promocional 18', 30, true, '2026-01-14');
INSERT INTO marketplace.cupons (codigo, descricao, percentual, ativo, valido_ate) VALUES ('CUPOM019', 'Desconto promocional 19', 10, true, '2026-08-19');
INSERT INTO marketplace.cupons (codigo, descricao, percentual, ativo, valido_ate) VALUES ('CUPOM020', 'Desconto promocional 20', 0, true, '2026-10-10');
INSERT INTO marketplace.cupons (codigo, descricao, percentual, ativo, valido_ate) VALUES ('CUPOM021', 'Desconto promocional 21', 30, false, '2025-01-17');
INSERT INTO marketplace.cupons (codigo, descricao, percentual, ativo, valido_ate) VALUES ('CUPOM022', 'Desconto promocional 22', 40, true, '2025-01-08');
INSERT INTO marketplace.cupons (codigo, descricao, percentual, ativo, valido_ate) VALUES ('CUPOM023', 'Desconto promocional 23', 10, false, '2026-12-25');
INSERT INTO marketplace.cupons (codigo, descricao, percentual, ativo, valido_ate) VALUES ('CUPOM024', 'Desconto promocional 24', 20, true, '2026-05-03');
INSERT INTO marketplace.cupons (codigo, descricao, percentual, ativo, valido_ate) VALUES ('CUPOM025', 'Desconto promocional 25', 10, true, '2026-10-18');
INSERT INTO marketplace.cupons (codigo, descricao, percentual, ativo, valido_ate) VALUES ('CUPOM026', 'Desconto promocional 26', 20, true, '2026-02-26');
INSERT INTO marketplace.cupons (codigo, descricao, percentual, ativo, valido_ate) VALUES ('CUPOM027', 'Desconto promocional 27', 15, false, '2026-09-18');
INSERT INTO marketplace.cupons (codigo, descricao, percentual, ativo, valido_ate) VALUES ('CUPOM028', 'Desconto promocional 28', 0, true, '2026-05-27');
INSERT INTO marketplace.cupons (codigo, descricao, percentual, ativo, valido_ate) VALUES ('CUPOM029', 'Desconto promocional 29', 5, true, '2025-11-05');
INSERT INTO marketplace.cupons (codigo, descricao, percentual, ativo, valido_ate) VALUES ('CUPOM030', 'Desconto promocional 30', 25, true, '2026-07-26');
INSERT INTO marketplace.cupons (codigo, descricao, percentual, ativo, valido_ate) VALUES ('CUPOM031', 'Desconto promocional 31', 15, true, '2026-06-27');
INSERT INTO marketplace.cupons (codigo, descricao, percentual, ativo, valido_ate) VALUES ('CUPOM032', 'Desconto promocional 32', 5, true, '2026-07-07');
INSERT INTO marketplace.cupons (codigo, descricao, percentual, ativo, valido_ate) VALUES ('CUPOM033', 'Desconto promocional 33', 15, true, '2026-10-04');
INSERT INTO marketplace.cupons (codigo, descricao, percentual, ativo, valido_ate) VALUES ('CUPOM034', 'Desconto promocional 34', 15, true, '2025-07-18');
INSERT INTO marketplace.cupons (codigo, descricao, percentual, ativo, valido_ate) VALUES ('CUPOM035', 'Desconto promocional 35', 5, false, '2026-12-03');
INSERT INTO marketplace.cupons (codigo, descricao, percentual, ativo, valido_ate) VALUES ('CUPOM036', 'Desconto promocional 36', 40, true, '2025-06-13');
INSERT INTO marketplace.cupons (codigo, descricao, percentual, ativo, valido_ate) VALUES ('CUPOM037', 'Desconto promocional 37', 0, true, '2026-01-08');
INSERT INTO marketplace.cupons (codigo, descricao, percentual, ativo, valido_ate) VALUES ('CUPOM038', 'Desconto promocional 38', 20, true, '2025-09-15');
INSERT INTO marketplace.cupons (codigo, descricao, percentual, ativo, valido_ate) VALUES ('CUPOM039', 'Desconto promocional 39', 25, true, '2026-04-10');
INSERT INTO marketplace.cupons (codigo, descricao, percentual, ativo, valido_ate) VALUES ('CUPOM040', 'Desconto promocional 40', 0, true, '2025-02-23');
INSERT INTO marketplace.cupons (codigo, descricao, percentual, ativo, valido_ate) VALUES ('CUPOM041', 'Desconto promocional 41', 10, true, '2025-01-30');
INSERT INTO marketplace.cupons (codigo, descricao, percentual, ativo, valido_ate) VALUES ('CUPOM042', 'Desconto promocional 42', 40, true, '2025-03-14');
INSERT INTO marketplace.cupons (codigo, descricao, percentual, ativo, valido_ate) VALUES ('CUPOM043', 'Desconto promocional 43', 15, false, '2026-08-30');
INSERT INTO marketplace.cupons (codigo, descricao, percentual, ativo, valido_ate) VALUES ('CUPOM044', 'Desconto promocional 44', 25, true, '2026-11-25');
INSERT INTO marketplace.cupons (codigo, descricao, percentual, ativo, valido_ate) VALUES ('CUPOM045', 'Desconto promocional 45', 25, true, '2025-04-23');
INSERT INTO marketplace.cupons (codigo, descricao, percentual, ativo, valido_ate) VALUES ('CUPOM046', 'Desconto promocional 46', 25, true, '2025-08-31');
INSERT INTO marketplace.cupons (codigo, descricao, percentual, ativo, valido_ate) VALUES ('CUPOM047', 'Desconto promocional 47', 30, false, '2026-01-20');
INSERT INTO marketplace.cupons (codigo, descricao, percentual, ativo, valido_ate) VALUES ('CUPOM048', 'Desconto promocional 48', 15, true, '2026-08-23');
INSERT INTO marketplace.cupons (codigo, descricao, percentual, ativo, valido_ate) VALUES ('CUPOM049', 'Desconto promocional 49', 40, true, '2026-03-23');
INSERT INTO marketplace.cupons (codigo, descricao, percentual, ativo, valido_ate) VALUES ('CUPOM050', 'Desconto promocional 50', 10, true, '2026-09-17');
INSERT INTO marketplace.cupons (codigo, descricao, percentual, ativo, valido_ate) VALUES ('CUPOM051', 'Desconto promocional 51', 40, true, '2026-01-18');
INSERT INTO marketplace.cupons (codigo, descricao, percentual, ativo, valido_ate) VALUES ('CUPOM052', 'Desconto promocional 52', 10, true, '2025-07-18');
INSERT INTO marketplace.cupons (codigo, descricao, percentual, ativo, valido_ate) VALUES ('CUPOM053', 'Desconto promocional 53', 25, false, '2025-07-27');
INSERT INTO marketplace.cupons (codigo, descricao, percentual, ativo, valido_ate) VALUES ('CUPOM054', 'Desconto promocional 54', 25, true, '2026-12-10');
INSERT INTO marketplace.cupons (codigo, descricao, percentual, ativo, valido_ate) VALUES ('CUPOM055', 'Desconto promocional 55', 0, true, '2025-04-24');
INSERT INTO marketplace.cupons (codigo, descricao, percentual, ativo, valido_ate) VALUES ('CUPOM056', 'Desconto promocional 56', 40, true, '2025-06-25');
INSERT INTO marketplace.cupons (codigo, descricao, percentual, ativo, valido_ate) VALUES ('CUPOM057', 'Desconto promocional 57', 25, true, '2025-10-30');
INSERT INTO marketplace.cupons (codigo, descricao, percentual, ativo, valido_ate) VALUES ('CUPOM058', 'Desconto promocional 58', 10, false, '2026-10-16');
INSERT INTO marketplace.cupons (codigo, descricao, percentual, ativo, valido_ate) VALUES ('CUPOM059', 'Desconto promocional 59', 10, true, '2026-07-21');
INSERT INTO marketplace.cupons (codigo, descricao, percentual, ativo, valido_ate) VALUES ('CUPOM060', 'Desconto promocional 60', 15, true, '2026-06-19');
INSERT INTO marketplace.cupons (codigo, descricao, percentual, ativo, valido_ate) VALUES ('CUPOM061', 'Desconto promocional 61', 40, false, '2025-08-10');
INSERT INTO marketplace.cupons (codigo, descricao, percentual, ativo, valido_ate) VALUES ('CUPOM062', 'Desconto promocional 62', 40, false, '2025-10-13');
INSERT INTO marketplace.cupons (codigo, descricao, percentual, ativo, valido_ate) VALUES ('CUPOM063', 'Desconto promocional 63', 0, false, '2025-09-10');
INSERT INTO marketplace.cupons (codigo, descricao, percentual, ativo, valido_ate) VALUES ('CUPOM064', 'Desconto promocional 64', 15, true, '2026-08-17');
INSERT INTO marketplace.cupons (codigo, descricao, percentual, ativo, valido_ate) VALUES ('CUPOM065', 'Desconto promocional 65', 15, false, '2026-08-29');
INSERT INTO marketplace.cupons (codigo, descricao, percentual, ativo, valido_ate) VALUES ('CUPOM066', 'Desconto promocional 66', 10, false, '2025-01-06');
INSERT INTO marketplace.cupons (codigo, descricao, percentual, ativo, valido_ate) VALUES ('CUPOM067', 'Desconto promocional 67', 30, false, '2025-02-11');
INSERT INTO marketplace.cupons (codigo, descricao, percentual, ativo, valido_ate) VALUES ('CUPOM068', 'Desconto promocional 68', 40, false, '2026-06-01');
INSERT INTO marketplace.cupons (codigo, descricao, percentual, ativo, valido_ate) VALUES ('CUPOM069', 'Desconto promocional 69', 0, true, '2026-02-08');
INSERT INTO marketplace.cupons (codigo, descricao, percentual, ativo, valido_ate) VALUES ('CUPOM070', 'Desconto promocional 70', 40, false, '2026-12-15');
INSERT INTO marketplace.cupons (codigo, descricao, percentual, ativo, valido_ate) VALUES ('CUPOM071', 'Desconto promocional 71', 5, true, '2025-09-04');
INSERT INTO marketplace.cupons (codigo, descricao, percentual, ativo, valido_ate) VALUES ('CUPOM072', 'Desconto promocional 72', 5, true, '2025-01-13');
INSERT INTO marketplace.cupons (codigo, descricao, percentual, ativo, valido_ate) VALUES ('CUPOM073', 'Desconto promocional 73', 30, false, '2025-05-16');
INSERT INTO marketplace.cupons (codigo, descricao, percentual, ativo, valido_ate) VALUES ('CUPOM074', 'Desconto promocional 74', 25, true, '2026-10-26');
INSERT INTO marketplace.cupons (codigo, descricao, percentual, ativo, valido_ate) VALUES ('CUPOM075', 'Desconto promocional 75', 5, true, '2026-11-17');
INSERT INTO marketplace.cupons (codigo, descricao, percentual, ativo, valido_ate) VALUES ('CUPOM076', 'Desconto promocional 76', 20, true, '2026-04-16');
INSERT INTO marketplace.cupons (codigo, descricao, percentual, ativo, valido_ate) VALUES ('CUPOM077', 'Desconto promocional 77', 0, false, '2026-04-20');
INSERT INTO marketplace.cupons (codigo, descricao, percentual, ativo, valido_ate) VALUES ('CUPOM078', 'Desconto promocional 78', 10, false, '2026-02-20');
INSERT INTO marketplace.cupons (codigo, descricao, percentual, ativo, valido_ate) VALUES ('CUPOM079', 'Desconto promocional 79', 10, false, '2026-01-15');
INSERT INTO marketplace.cupons (codigo, descricao, percentual, ativo, valido_ate) VALUES ('CUPOM080', 'Desconto promocional 80', 40, false, '2025-01-02');
INSERT INTO marketplace.cupons (codigo, descricao, percentual, ativo, valido_ate) VALUES ('CUPOM081', 'Desconto promocional 81', 5, true, '2026-12-09');
INSERT INTO marketplace.cupons (codigo, descricao, percentual, ativo, valido_ate) VALUES ('CUPOM082', 'Desconto promocional 82', 25, true, '2025-10-31');
INSERT INTO marketplace.cupons (codigo, descricao, percentual, ativo, valido_ate) VALUES ('CUPOM083', 'Desconto promocional 83', 30, false, '2026-12-16');
INSERT INTO marketplace.cupons (codigo, descricao, percentual, ativo, valido_ate) VALUES ('CUPOM084', 'Desconto promocional 84', 15, false, '2025-03-24');
INSERT INTO marketplace.cupons (codigo, descricao, percentual, ativo, valido_ate) VALUES ('CUPOM085', 'Desconto promocional 85', 25, false, '2025-02-26');
INSERT INTO marketplace.cupons (codigo, descricao, percentual, ativo, valido_ate) VALUES ('CUPOM086', 'Desconto promocional 86', 25, false, '2025-04-24');
INSERT INTO marketplace.cupons (codigo, descricao, percentual, ativo, valido_ate) VALUES ('CUPOM087', 'Desconto promocional 87', 30, true, '2026-09-26');
INSERT INTO marketplace.cupons (codigo, descricao, percentual, ativo, valido_ate) VALUES ('CUPOM088', 'Desconto promocional 88', 0, true, '2025-06-29');
INSERT INTO marketplace.cupons (codigo, descricao, percentual, ativo, valido_ate) VALUES ('CUPOM089', 'Desconto promocional 89', 5, true, '2025-07-29');
INSERT INTO marketplace.cupons (codigo, descricao, percentual, ativo, valido_ate) VALUES ('CUPOM090', 'Desconto promocional 90', 10, false, '2025-09-02');
INSERT INTO marketplace.cupons (codigo, descricao, percentual, ativo, valido_ate) VALUES ('CUPOM091', 'Desconto promocional 91', 5, true, '2026-08-18');
INSERT INTO marketplace.cupons (codigo, descricao, percentual, ativo, valido_ate) VALUES ('CUPOM092', 'Desconto promocional 92', 15, false, '2025-08-19');
INSERT INTO marketplace.cupons (codigo, descricao, percentual, ativo, valido_ate) VALUES ('CUPOM093', 'Desconto promocional 93', 25, true, '2025-10-01');
INSERT INTO marketplace.cupons (codigo, descricao, percentual, ativo, valido_ate) VALUES ('CUPOM094', 'Desconto promocional 94', 30, true, '2025-03-06');
INSERT INTO marketplace.cupons (codigo, descricao, percentual, ativo, valido_ate) VALUES ('CUPOM095', 'Desconto promocional 95', 25, true, '2026-05-13');
INSERT INTO marketplace.cupons (codigo, descricao, percentual, ativo, valido_ate) VALUES ('CUPOM096', 'Desconto promocional 96', 5, true, '2026-06-29');
INSERT INTO marketplace.cupons (codigo, descricao, percentual, ativo, valido_ate) VALUES ('CUPOM097', 'Desconto promocional 97', 20, true, '2026-01-12');
INSERT INTO marketplace.cupons (codigo, descricao, percentual, ativo, valido_ate) VALUES ('CUPOM098', 'Desconto promocional 98', 5, true, '2026-04-14');
INSERT INTO marketplace.cupons (codigo, descricao, percentual, ativo, valido_ate) VALUES ('CUPOM099', 'Desconto promocional 99', 5, true, '2025-07-03');
INSERT INTO marketplace.cupons (codigo, descricao, percentual, ativo, valido_ate) VALUES ('CUPOM100', 'Desconto promocional 100', 20, false, '2025-03-20');
INSERT INTO marketplace.cupons (codigo, descricao, percentual, ativo, valido_ate) VALUES ('CUPOM101', 'Desconto promocional 101', 5, true, '2025-04-25');
INSERT INTO marketplace.cupons (codigo, descricao, percentual, ativo, valido_ate) VALUES ('CUPOM102', 'Desconto promocional 102', 10, true, '2025-07-29');
INSERT INTO marketplace.cupons (codigo, descricao, percentual, ativo, valido_ate) VALUES ('CUPOM103', 'Desconto promocional 103', 0, true, '2026-11-30');
INSERT INTO marketplace.cupons (codigo, descricao, percentual, ativo, valido_ate) VALUES ('CUPOM104', 'Desconto promocional 104', 10, true, '2026-03-07');
INSERT INTO marketplace.cupons (codigo, descricao, percentual, ativo, valido_ate) VALUES ('CUPOM105', 'Desconto promocional 105', 40, false, '2025-01-22');
INSERT INTO marketplace.cupons (codigo, descricao, percentual, ativo, valido_ate) VALUES ('CUPOM106', 'Desconto promocional 106', 20, true, '2025-01-23');
INSERT INTO marketplace.cupons (codigo, descricao, percentual, ativo, valido_ate) VALUES ('CUPOM107', 'Desconto promocional 107', 15, false, '2026-06-17');
INSERT INTO marketplace.cupons (codigo, descricao, percentual, ativo, valido_ate) VALUES ('CUPOM108', 'Desconto promocional 108', 25, true, '2025-12-18');
INSERT INTO marketplace.cupons (codigo, descricao, percentual, ativo, valido_ate) VALUES ('CUPOM109', 'Desconto promocional 109', 25, true, '2026-11-13');
INSERT INTO marketplace.cupons (codigo, descricao, percentual, ativo, valido_ate) VALUES ('CUPOM110', 'Desconto promocional 110', 40, true, '2026-08-04');
INSERT INTO marketplace.cupons (codigo, descricao, percentual, ativo, valido_ate) VALUES ('CUPOM111', 'Desconto promocional 111', 10, false, '2025-11-10');
INSERT INTO marketplace.cupons (codigo, descricao, percentual, ativo, valido_ate) VALUES ('CUPOM112', 'Desconto promocional 112', 10, false, '2025-08-21');
INSERT INTO marketplace.cupons (codigo, descricao, percentual, ativo, valido_ate) VALUES ('CUPOM113', 'Desconto promocional 113', 40, true, '2025-10-23');
INSERT INTO marketplace.cupons (codigo, descricao, percentual, ativo, valido_ate) VALUES ('CUPOM114', 'Desconto promocional 114', 0, true, '2025-10-19');
INSERT INTO marketplace.cupons (codigo, descricao, percentual, ativo, valido_ate) VALUES ('CUPOM115', 'Desconto promocional 115', 40, false, '2026-09-26');
INSERT INTO marketplace.cupons (codigo, descricao, percentual, ativo, valido_ate) VALUES ('CUPOM116', 'Desconto promocional 116', 10, false, '2025-10-20');
INSERT INTO marketplace.cupons (codigo, descricao, percentual, ativo, valido_ate) VALUES ('CUPOM117', 'Desconto promocional 117', 10, false, '2026-12-27');
INSERT INTO marketplace.cupons (codigo, descricao, percentual, ativo, valido_ate) VALUES ('CUPOM118', 'Desconto promocional 118', 10, true, '2025-04-30');
INSERT INTO marketplace.cupons (codigo, descricao, percentual, ativo, valido_ate) VALUES ('CUPOM119', 'Desconto promocional 119', 0, false, '2026-08-12');
INSERT INTO marketplace.cupons (codigo, descricao, percentual, ativo, valido_ate) VALUES ('CUPOM120', 'Desconto promocional 120', 10, true, '2026-01-14');
INSERT INTO marketplace.cupons (codigo, descricao, percentual, ativo, valido_ate) VALUES ('CUPOM121', 'Desconto promocional 121', 10, true, '2026-12-26');
INSERT INTO marketplace.cupons (codigo, descricao, percentual, ativo, valido_ate) VALUES ('CUPOM122', 'Desconto promocional 122', 0, true, '2025-12-19');
INSERT INTO marketplace.cupons (codigo, descricao, percentual, ativo, valido_ate) VALUES ('CUPOM123', 'Desconto promocional 123', 10, true, '2026-07-07');
INSERT INTO marketplace.cupons (codigo, descricao, percentual, ativo, valido_ate) VALUES ('CUPOM124', 'Desconto promocional 124', 10, true, '2025-05-05');
INSERT INTO marketplace.cupons (codigo, descricao, percentual, ativo, valido_ate) VALUES ('CUPOM125', 'Desconto promocional 125', 0, true, '2026-05-27');
INSERT INTO marketplace.cupons (codigo, descricao, percentual, ativo, valido_ate) VALUES ('CUPOM126', 'Desconto promocional 126', 10, false, '2025-11-24');
INSERT INTO marketplace.cupons (codigo, descricao, percentual, ativo, valido_ate) VALUES ('CUPOM127', 'Desconto promocional 127', 10, true, '2026-07-14');
INSERT INTO marketplace.cupons (codigo, descricao, percentual, ativo, valido_ate) VALUES ('CUPOM128', 'Desconto promocional 128', 25, true, '2025-10-30');
INSERT INTO marketplace.cupons (codigo, descricao, percentual, ativo, valido_ate) VALUES ('CUPOM129', 'Desconto promocional 129', 40, false, '2026-08-11');
INSERT INTO marketplace.cupons (codigo, descricao, percentual, ativo, valido_ate) VALUES ('CUPOM130', 'Desconto promocional 130', 10, false, '2026-03-29');
INSERT INTO marketplace.cupons (codigo, descricao, percentual, ativo, valido_ate) VALUES ('CUPOM131', 'Desconto promocional 131', 25, true, '2026-05-06');
INSERT INTO marketplace.cupons (codigo, descricao, percentual, ativo, valido_ate) VALUES ('CUPOM132', 'Desconto promocional 132', 0, true, '2026-07-19');
INSERT INTO marketplace.cupons (codigo, descricao, percentual, ativo, valido_ate) VALUES ('CUPOM133', 'Desconto promocional 133', 5, true, '2026-02-16');
INSERT INTO marketplace.cupons (codigo, descricao, percentual, ativo, valido_ate) VALUES ('CUPOM134', 'Desconto promocional 134', 15, true, '2025-04-05');
INSERT INTO marketplace.cupons (codigo, descricao, percentual, ativo, valido_ate) VALUES ('CUPOM135', 'Desconto promocional 135', 25, true, '2026-10-19');
INSERT INTO marketplace.cupons (codigo, descricao, percentual, ativo, valido_ate) VALUES ('CUPOM136', 'Desconto promocional 136', 15, true, '2025-08-16');
INSERT INTO marketplace.cupons (codigo, descricao, percentual, ativo, valido_ate) VALUES ('CUPOM137', 'Desconto promocional 137', 20, true, '2025-03-27');
INSERT INTO marketplace.cupons (codigo, descricao, percentual, ativo, valido_ate) VALUES ('CUPOM138', 'Desconto promocional 138', 40, true, '2025-03-31');
INSERT INTO marketplace.cupons (codigo, descricao, percentual, ativo, valido_ate) VALUES ('CUPOM139', 'Desconto promocional 139', 30, true, '2025-11-22');
INSERT INTO marketplace.cupons (codigo, descricao, percentual, ativo, valido_ate) VALUES ('CUPOM140', 'Desconto promocional 140', 0, false, '2026-01-05');
INSERT INTO marketplace.cupons (codigo, descricao, percentual, ativo, valido_ate) VALUES ('CUPOM141', 'Desconto promocional 141', 30, true, '2026-03-14');
INSERT INTO marketplace.cupons (codigo, descricao, percentual, ativo, valido_ate) VALUES ('CUPOM142', 'Desconto promocional 142', 25, true, '2025-01-13');
INSERT INTO marketplace.cupons (codigo, descricao, percentual, ativo, valido_ate) VALUES ('CUPOM143', 'Desconto promocional 143', 20, true, '2025-11-12');
INSERT INTO marketplace.cupons (codigo, descricao, percentual, ativo, valido_ate) VALUES ('CUPOM144', 'Desconto promocional 144', 40, false, '2025-03-31');
INSERT INTO marketplace.cupons (codigo, descricao, percentual, ativo, valido_ate) VALUES ('CUPOM145', 'Desconto promocional 145', 15, false, '2026-03-31');
INSERT INTO marketplace.cupons (codigo, descricao, percentual, ativo, valido_ate) VALUES ('CUPOM146', 'Desconto promocional 146', 30, false, '2025-10-23');
INSERT INTO marketplace.cupons (codigo, descricao, percentual, ativo, valido_ate) VALUES ('CUPOM147', 'Desconto promocional 147', 10, false, '2026-03-11');
INSERT INTO marketplace.cupons (codigo, descricao, percentual, ativo, valido_ate) VALUES ('CUPOM148', 'Desconto promocional 148', 30, true, '2026-08-25');
INSERT INTO marketplace.cupons (codigo, descricao, percentual, ativo, valido_ate) VALUES ('CUPOM149', 'Desconto promocional 149', 5, true, '2025-11-07');
INSERT INTO marketplace.cupons (codigo, descricao, percentual, ativo, valido_ate) VALUES ('CUPOM150', 'Desconto promocional 150', 40, false, '2026-06-22');
INSERT INTO marketplace.cupons (codigo, descricao, percentual, ativo, valido_ate) VALUES ('CUPOM151', 'Desconto promocional 151', 25, true, '2026-08-28');
INSERT INTO marketplace.cupons (codigo, descricao, percentual, ativo, valido_ate) VALUES ('CUPOM152', 'Desconto promocional 152', 30, true, '2026-02-24');
INSERT INTO marketplace.cupons (codigo, descricao, percentual, ativo, valido_ate) VALUES ('CUPOM153', 'Desconto promocional 153', 20, true, '2026-07-24');
INSERT INTO marketplace.cupons (codigo, descricao, percentual, ativo, valido_ate) VALUES ('CUPOM154', 'Desconto promocional 154', 40, false, '2025-05-21');
INSERT INTO marketplace.cupons (codigo, descricao, percentual, ativo, valido_ate) VALUES ('CUPOM155', 'Desconto promocional 155', 15, true, '2026-01-26');
INSERT INTO marketplace.cupons (codigo, descricao, percentual, ativo, valido_ate) VALUES ('CUPOM156', 'Desconto promocional 156', 20, true, '2025-02-13');
INSERT INTO marketplace.cupons (codigo, descricao, percentual, ativo, valido_ate) VALUES ('CUPOM157', 'Desconto promocional 157', 20, false, '2025-11-08');
INSERT INTO marketplace.cupons (codigo, descricao, percentual, ativo, valido_ate) VALUES ('CUPOM158', 'Desconto promocional 158', 40, true, '2026-04-20');
INSERT INTO marketplace.cupons (codigo, descricao, percentual, ativo, valido_ate) VALUES ('CUPOM159', 'Desconto promocional 159', 15, true, '2025-01-03');
INSERT INTO marketplace.cupons (codigo, descricao, percentual, ativo, valido_ate) VALUES ('CUPOM160', 'Desconto promocional 160', 10, true, '2026-10-18');
INSERT INTO marketplace.cupons (codigo, descricao, percentual, ativo, valido_ate) VALUES ('CUPOM161', 'Desconto promocional 161', 40, true, '2026-11-13');
INSERT INTO marketplace.cupons (codigo, descricao, percentual, ativo, valido_ate) VALUES ('CUPOM162', 'Desconto promocional 162', 20, true, '2026-05-19');
INSERT INTO marketplace.cupons (codigo, descricao, percentual, ativo, valido_ate) VALUES ('CUPOM163', 'Desconto promocional 163', 15, true, '2025-10-11');
INSERT INTO marketplace.cupons (codigo, descricao, percentual, ativo, valido_ate) VALUES ('CUPOM164', 'Desconto promocional 164', 40, false, '2025-03-10');
INSERT INTO marketplace.cupons (codigo, descricao, percentual, ativo, valido_ate) VALUES ('CUPOM165', 'Desconto promocional 165', 25, true, '2026-08-03');
INSERT INTO marketplace.cupons (codigo, descricao, percentual, ativo, valido_ate) VALUES ('CUPOM166', 'Desconto promocional 166', 30, false, '2026-10-06');
INSERT INTO marketplace.cupons (codigo, descricao, percentual, ativo, valido_ate) VALUES ('CUPOM167', 'Desconto promocional 167', 40, false, '2025-05-03');
INSERT INTO marketplace.cupons (codigo, descricao, percentual, ativo, valido_ate) VALUES ('CUPOM168', 'Desconto promocional 168', 25, true, '2026-08-13');
INSERT INTO marketplace.cupons (codigo, descricao, percentual, ativo, valido_ate) VALUES ('CUPOM169', 'Desconto promocional 169', 0, false, '2025-06-16');
INSERT INTO marketplace.cupons (codigo, descricao, percentual, ativo, valido_ate) VALUES ('CUPOM170', 'Desconto promocional 170', 0, true, '2026-04-18');
INSERT INTO marketplace.cupons (codigo, descricao, percentual, ativo, valido_ate) VALUES ('CUPOM171', 'Desconto promocional 171', 10, true, '2025-02-24');
INSERT INTO marketplace.cupons (codigo, descricao, percentual, ativo, valido_ate) VALUES ('CUPOM172', 'Desconto promocional 172', 20, true, '2026-10-14');
INSERT INTO marketplace.cupons (codigo, descricao, percentual, ativo, valido_ate) VALUES ('CUPOM173', 'Desconto promocional 173', 25, true, '2025-10-26');
INSERT INTO marketplace.cupons (codigo, descricao, percentual, ativo, valido_ate) VALUES ('CUPOM174', 'Desconto promocional 174', 5, true, '2026-10-06');
INSERT INTO marketplace.cupons (codigo, descricao, percentual, ativo, valido_ate) VALUES ('CUPOM175', 'Desconto promocional 175', 10, false, '2026-09-06');
INSERT INTO marketplace.cupons (codigo, descricao, percentual, ativo, valido_ate) VALUES ('CUPOM176', 'Desconto promocional 176', 10, true, '2025-11-20');
INSERT INTO marketplace.cupons (codigo, descricao, percentual, ativo, valido_ate) VALUES ('CUPOM177', 'Desconto promocional 177', 20, true, '2026-12-16');
INSERT INTO marketplace.cupons (codigo, descricao, percentual, ativo, valido_ate) VALUES ('CUPOM178', 'Desconto promocional 178', 25, true, '2026-08-17');
INSERT INTO marketplace.cupons (codigo, descricao, percentual, ativo, valido_ate) VALUES ('CUPOM179', 'Desconto promocional 179', 25, false, '2025-01-14');
INSERT INTO marketplace.cupons (codigo, descricao, percentual, ativo, valido_ate) VALUES ('CUPOM180', 'Desconto promocional 180', 10, true, '2026-01-17');
INSERT INTO marketplace.cupons (codigo, descricao, percentual, ativo, valido_ate) VALUES ('CUPOM181', 'Desconto promocional 181', 40, true, '2025-06-16');
INSERT INTO marketplace.cupons (codigo, descricao, percentual, ativo, valido_ate) VALUES ('CUPOM182', 'Desconto promocional 182', 5, true, '2026-05-31');
INSERT INTO marketplace.cupons (codigo, descricao, percentual, ativo, valido_ate) VALUES ('CUPOM183', 'Desconto promocional 183', 15, false, '2026-07-27');
INSERT INTO marketplace.cupons (codigo, descricao, percentual, ativo, valido_ate) VALUES ('CUPOM184', 'Desconto promocional 184', 5, true, '2025-03-20');
INSERT INTO marketplace.cupons (codigo, descricao, percentual, ativo, valido_ate) VALUES ('CUPOM185', 'Desconto promocional 185', 5, false, '2025-01-18');
INSERT INTO marketplace.cupons (codigo, descricao, percentual, ativo, valido_ate) VALUES ('CUPOM186', 'Desconto promocional 186', 40, true, '2026-12-09');
INSERT INTO marketplace.cupons (codigo, descricao, percentual, ativo, valido_ate) VALUES ('CUPOM187', 'Desconto promocional 187', 25, true, '2026-03-29');
INSERT INTO marketplace.cupons (codigo, descricao, percentual, ativo, valido_ate) VALUES ('CUPOM188', 'Desconto promocional 188', 25, true, '2025-11-08');
INSERT INTO marketplace.cupons (codigo, descricao, percentual, ativo, valido_ate) VALUES ('CUPOM189', 'Desconto promocional 189', 0, false, '2025-05-02');
INSERT INTO marketplace.cupons (codigo, descricao, percentual, ativo, valido_ate) VALUES ('CUPOM190', 'Desconto promocional 190', 15, true, '2026-12-12');
INSERT INTO marketplace.cupons (codigo, descricao, percentual, ativo, valido_ate) VALUES ('CUPOM191', 'Desconto promocional 191', 10, true, '2025-11-11');
INSERT INTO marketplace.cupons (codigo, descricao, percentual, ativo, valido_ate) VALUES ('CUPOM192', 'Desconto promocional 192', 10, true, '2025-03-22');
INSERT INTO marketplace.cupons (codigo, descricao, percentual, ativo, valido_ate) VALUES ('CUPOM193', 'Desconto promocional 193', 30, true, '2025-04-25');
INSERT INTO marketplace.cupons (codigo, descricao, percentual, ativo, valido_ate) VALUES ('CUPOM194', 'Desconto promocional 194', 5, true, '2026-05-11');
INSERT INTO marketplace.cupons (codigo, descricao, percentual, ativo, valido_ate) VALUES ('CUPOM195', 'Desconto promocional 195', 30, true, '2025-04-21');
INSERT INTO marketplace.cupons (codigo, descricao, percentual, ativo, valido_ate) VALUES ('CUPOM196', 'Desconto promocional 196', 0, false, '2026-06-10');
INSERT INTO marketplace.cupons (codigo, descricao, percentual, ativo, valido_ate) VALUES ('CUPOM197', 'Desconto promocional 197', 0, true, '2025-09-17');
INSERT INTO marketplace.cupons (codigo, descricao, percentual, ativo, valido_ate) VALUES ('CUPOM198', 'Desconto promocional 198', 0, true, '2026-11-15');
INSERT INTO marketplace.cupons (codigo, descricao, percentual, ativo, valido_ate) VALUES ('CUPOM199', 'Desconto promocional 199', 0, false, '2025-05-07');
INSERT INTO marketplace.cupons (codigo, descricao, percentual, ativo, valido_ate) VALUES ('CUPOM200', 'Desconto promocional 200', 15, true, '2025-07-24');

create table marketplace.pedidos(
  id int primary key,
  cliente_id int references marketplace.clientes(id),
  criado_em date,
  cupom_codigo text references marketplace.cupons(codigo),
  status text not null check ( status in ('ABERTO','PAGO','ENVIADO','CANCELADO') )
);

INSERT INTO marketplace.pedidos (id, cliente_id, criado_em, cupom_codigo, status) VALUES (1, 48, '2025-06-04 20:54:07', 'CUPOM042', 'PAGO');
INSERT INTO marketplace.pedidos (id, cliente_id, criado_em, cupom_codigo, status) VALUES (2, 130, '2025-03-18 21:57:27', 'CUPOM026', 'ABERTO');
INSERT INTO marketplace.pedidos (id, cliente_id, criado_em, cupom_codigo, status) VALUES (3, 186, '2024-03-17 15:38:06', 'CUPOM055', 'PAGO');
INSERT INTO marketplace.pedidos (id, cliente_id, criado_em, cupom_codigo, status) VALUES (4, 91, '2024-10-21 20:32:15', 'CUPOM109', 'PAGO');
INSERT INTO marketplace.pedidos (id, cliente_id, criado_em, cupom_codigo, status) VALUES (5, 127, '2025-08-15 01:48:40', 'CUPOM011', 'ENVIADO');
INSERT INTO marketplace.pedidos (id, cliente_id, criado_em, cupom_codigo, status) VALUES (6, 117, '2025-04-11 08:04:17', 'CUPOM189', 'CANCELADO');
INSERT INTO marketplace.pedidos (id, cliente_id, criado_em, cupom_codigo, status) VALUES (7, 174, '2024-10-12 09:36:14', 'CUPOM046', 'ABERTO');
INSERT INTO marketplace.pedidos (id, cliente_id, criado_em, cupom_codigo, status) VALUES (8, 37, '2024-11-02 15:49:08', 'CUPOM152', 'CANCELADO');
INSERT INTO marketplace.pedidos (id, cliente_id, criado_em, cupom_codigo, status) VALUES (9, 32, '2024-06-29 21:00:16', 'CUPOM070', 'CANCELADO');
INSERT INTO marketplace.pedidos (id, cliente_id, criado_em, cupom_codigo, status) VALUES (10, 92, '2025-01-04 14:02:41', 'CUPOM171', 'ENVIADO');
INSERT INTO marketplace.pedidos (id, cliente_id, criado_em, cupom_codigo, status) VALUES (11, 126, '2025-01-21 05:51:18', NULL, 'PAGO');
INSERT INTO marketplace.pedidos (id, cliente_id, criado_em, cupom_codigo, status) VALUES (12, 98, '2025-04-14 14:15:40', 'CUPOM020', 'CANCELADO');
INSERT INTO marketplace.pedidos (id, cliente_id, criado_em, cupom_codigo, status) VALUES (13, 120, '2024-06-05 20:16:50', NULL, 'CANCELADO');
INSERT INTO marketplace.pedidos (id, cliente_id, criado_em, cupom_codigo, status) VALUES (14, 31, '2024-10-24 23:22:45', 'CUPOM114', 'PAGO');
INSERT INTO marketplace.pedidos (id, cliente_id, criado_em, cupom_codigo, status) VALUES (15, 126, '2024-11-30 12:28:40', 'CUPOM126', 'CANCELADO');
INSERT INTO marketplace.pedidos (id, cliente_id, criado_em, cupom_codigo, status) VALUES (16, 122, '2025-03-12 17:12:01', 'CUPOM068', 'ENVIADO');
INSERT INTO marketplace.pedidos (id, cliente_id, criado_em, cupom_codigo, status) VALUES (17, 83, '2024-02-17 17:01:33', 'CUPOM196', 'ENVIADO');
INSERT INTO marketplace.pedidos (id, cliente_id, criado_em, cupom_codigo, status) VALUES (18, 98, '2024-03-16 14:44:11', 'CUPOM061', 'ENVIADO');
INSERT INTO marketplace.pedidos (id, cliente_id, criado_em, cupom_codigo, status) VALUES (19, 152, '2024-03-06 23:25:43', 'CUPOM006', 'CANCELADO');
INSERT INTO marketplace.pedidos (id, cliente_id, criado_em, cupom_codigo, status) VALUES (20, 146, '2025-02-03 19:49:06', 'CUPOM121', 'ABERTO');
INSERT INTO marketplace.pedidos (id, cliente_id, criado_em, cupom_codigo, status) VALUES (21, 126, '2024-03-18 17:11:30', 'CUPOM087', 'ENVIADO');
INSERT INTO marketplace.pedidos (id, cliente_id, criado_em, cupom_codigo, status) VALUES (22, 112, '2024-06-05 17:03:12', 'CUPOM074', 'PAGO');
INSERT INTO marketplace.pedidos (id, cliente_id, criado_em, cupom_codigo, status) VALUES (23, 160, '2025-07-31 00:26:11', 'CUPOM070', 'CANCELADO');
INSERT INTO marketplace.pedidos (id, cliente_id, criado_em, cupom_codigo, status) VALUES (24, 54, '2024-09-26 18:26:54', 'CUPOM111', 'CANCELADO');
INSERT INTO marketplace.pedidos (id, cliente_id, criado_em, cupom_codigo, status) VALUES (25, 65, '2025-04-30 10:10:15', 'CUPOM117', 'CANCELADO');
INSERT INTO marketplace.pedidos (id, cliente_id, criado_em, cupom_codigo, status) VALUES (26, 55, '2025-05-28 06:19:14', 'CUPOM187', 'ABERTO');
INSERT INTO marketplace.pedidos (id, cliente_id, criado_em, cupom_codigo, status) VALUES (27, 134, '2024-06-04 20:21:01', 'CUPOM192', 'ENVIADO');
INSERT INTO marketplace.pedidos (id, cliente_id, criado_em, cupom_codigo, status) VALUES (28, 17, '2025-05-07 09:15:53', 'CUPOM042', 'PAGO');
INSERT INTO marketplace.pedidos (id, cliente_id, criado_em, cupom_codigo, status) VALUES (29, 30, '2024-04-26 11:29:56', NULL, 'PAGO');
INSERT INTO marketplace.pedidos (id, cliente_id, criado_em, cupom_codigo, status) VALUES (30, 41, '2024-07-30 19:43:10', 'CUPOM046', 'ABERTO');
INSERT INTO marketplace.pedidos (id, cliente_id, criado_em, cupom_codigo, status) VALUES (31, 15, '2024-03-06 04:33:36', 'CUPOM155', 'PAGO');
INSERT INTO marketplace.pedidos (id, cliente_id, criado_em, cupom_codigo, status) VALUES (32, 29, '2025-03-19 11:42:54', 'CUPOM189', 'PAGO');
INSERT INTO marketplace.pedidos (id, cliente_id, criado_em, cupom_codigo, status) VALUES (33, 154, '2024-04-04 23:24:19', 'CUPOM085', 'PAGO');
INSERT INTO marketplace.pedidos (id, cliente_id, criado_em, cupom_codigo, status) VALUES (34, 28, '2024-05-16 01:06:43', 'CUPOM055', 'ENVIADO');
INSERT INTO marketplace.pedidos (id, cliente_id, criado_em, cupom_codigo, status) VALUES (35, 140, '2024-11-25 03:51:22', 'CUPOM006', 'ABERTO');
INSERT INTO marketplace.pedidos (id, cliente_id, criado_em, cupom_codigo, status) VALUES (36, 190, '2025-05-29 08:44:22', 'CUPOM065', 'ABERTO');
INSERT INTO marketplace.pedidos (id, cliente_id, criado_em, cupom_codigo, status) VALUES (37, 137, '2024-07-02 14:28:40', 'CUPOM003', 'PAGO');
INSERT INTO marketplace.pedidos (id, cliente_id, criado_em, cupom_codigo, status) VALUES (38, 113, '2025-05-05 09:16:02', 'CUPOM071', 'ENVIADO');
INSERT INTO marketplace.pedidos (id, cliente_id, criado_em, cupom_codigo, status) VALUES (39, 184, '2024-11-24 01:28:22', 'CUPOM108', 'ENVIADO');
INSERT INTO marketplace.pedidos (id, cliente_id, criado_em, cupom_codigo, status) VALUES (40, 117, '2025-06-23 23:39:20', 'CUPOM014', 'ENVIADO');
INSERT INTO marketplace.pedidos (id, cliente_id, criado_em, cupom_codigo, status) VALUES (41, 81, '2025-03-23 05:51:51', 'CUPOM196', 'CANCELADO');
INSERT INTO marketplace.pedidos (id, cliente_id, criado_em, cupom_codigo, status) VALUES (42, 82, '2024-12-16 16:22:54', 'CUPOM123', 'CANCELADO');
INSERT INTO marketplace.pedidos (id, cliente_id, criado_em, cupom_codigo, status) VALUES (43, 95, '2024-05-21 06:39:41', 'CUPOM101', 'CANCELADO');
INSERT INTO marketplace.pedidos (id, cliente_id, criado_em, cupom_codigo, status) VALUES (44, 51, '2024-07-22 07:59:30', 'CUPOM159', 'PAGO');
INSERT INTO marketplace.pedidos (id, cliente_id, criado_em, cupom_codigo, status) VALUES (45, 146, '2024-04-01 03:34:20', 'CUPOM135', 'PAGO');
INSERT INTO marketplace.pedidos (id, cliente_id, criado_em, cupom_codigo, status) VALUES (46, 69, '2024-08-11 16:00:00', 'CUPOM187', 'PAGO');
INSERT INTO marketplace.pedidos (id, cliente_id, criado_em, cupom_codigo, status) VALUES (47, 108, '2024-05-20 02:20:17', 'CUPOM064', 'CANCELADO');
INSERT INTO marketplace.pedidos (id, cliente_id, criado_em, cupom_codigo, status) VALUES (48, 22, '2024-01-09 00:22:59', 'CUPOM176', 'ENVIADO');
INSERT INTO marketplace.pedidos (id, cliente_id, criado_em, cupom_codigo, status) VALUES (49, 19, '2024-03-15 00:08:13', NULL, 'ABERTO');
INSERT INTO marketplace.pedidos (id, cliente_id, criado_em, cupom_codigo, status) VALUES (50, 65, '2025-01-26 21:20:40', 'CUPOM098', 'ENVIADO');
INSERT INTO marketplace.pedidos (id, cliente_id, criado_em, cupom_codigo, status) VALUES (51, 44, '2025-01-26 06:31:10', 'CUPOM034', 'ABERTO');
INSERT INTO marketplace.pedidos (id, cliente_id, criado_em, cupom_codigo, status) VALUES (52, 81, '2024-02-04 07:14:32', 'CUPOM192', 'ENVIADO');
INSERT INTO marketplace.pedidos (id, cliente_id, criado_em, cupom_codigo, status) VALUES (53, 112, '2024-05-08 03:31:16', 'CUPOM126', 'PAGO');
INSERT INTO marketplace.pedidos (id, cliente_id, criado_em, cupom_codigo, status) VALUES (54, 14, '2024-06-27 12:54:40', NULL, 'CANCELADO');
INSERT INTO marketplace.pedidos (id, cliente_id, criado_em, cupom_codigo, status) VALUES (55, 92, '2025-07-04 17:15:40', 'CUPOM118', 'ENVIADO');
INSERT INTO marketplace.pedidos (id, cliente_id, criado_em, cupom_codigo, status) VALUES (56, 47, '2024-05-10 17:14:46', 'CUPOM135', 'PAGO');
INSERT INTO marketplace.pedidos (id, cliente_id, criado_em, cupom_codigo, status) VALUES (57, 107, '2024-02-29 16:19:00', 'CUPOM085', 'ENVIADO');
INSERT INTO marketplace.pedidos (id, cliente_id, criado_em, cupom_codigo, status) VALUES (58, 152, '2024-03-23 09:17:11', 'CUPOM021', 'ABERTO');
INSERT INTO marketplace.pedidos (id, cliente_id, criado_em, cupom_codigo, status) VALUES (59, 85, '2024-02-04 01:22:02', 'CUPOM084', 'ENVIADO');
INSERT INTO marketplace.pedidos (id, cliente_id, criado_em, cupom_codigo, status) VALUES (60, 15, '2025-07-31 17:26:12', 'CUPOM103', 'ABERTO');
INSERT INTO marketplace.pedidos (id, cliente_id, criado_em, cupom_codigo, status) VALUES (61, 6, '2024-06-10 17:33:11', 'CUPOM104', 'CANCELADO');
INSERT INTO marketplace.pedidos (id, cliente_id, criado_em, cupom_codigo, status) VALUES (62, 111, '2025-07-25 13:58:13', 'CUPOM025', 'CANCELADO');
INSERT INTO marketplace.pedidos (id, cliente_id, criado_em, cupom_codigo, status) VALUES (63, 100, '2025-01-05 01:28:46', 'CUPOM112', 'CANCELADO');
INSERT INTO marketplace.pedidos (id, cliente_id, criado_em, cupom_codigo, status) VALUES (64, 24, '2024-02-01 09:49:14', 'CUPOM183', 'ABERTO');
INSERT INTO marketplace.pedidos (id, cliente_id, criado_em, cupom_codigo, status) VALUES (65, 75, '2024-12-29 16:14:16', 'CUPOM077', 'ABERTO');
INSERT INTO marketplace.pedidos (id, cliente_id, criado_em, cupom_codigo, status) VALUES (66, 142, '2024-02-29 10:40:10', 'CUPOM170', 'ENVIADO');
INSERT INTO marketplace.pedidos (id, cliente_id, criado_em, cupom_codigo, status) VALUES (67, 91, '2024-07-16 22:56:18', 'CUPOM021', 'CANCELADO');
INSERT INTO marketplace.pedidos (id, cliente_id, criado_em, cupom_codigo, status) VALUES (68, 12, '2024-03-05 16:38:55', 'CUPOM172', 'ENVIADO');
INSERT INTO marketplace.pedidos (id, cliente_id, criado_em, cupom_codigo, status) VALUES (69, 88, '2025-09-21 03:36:23', NULL, 'ABERTO');
INSERT INTO marketplace.pedidos (id, cliente_id, criado_em, cupom_codigo, status) VALUES (70, 102, '2024-03-31 15:02:25', 'CUPOM104', 'ENVIADO');
INSERT INTO marketplace.pedidos (id, cliente_id, criado_em, cupom_codigo, status) VALUES (71, 159, '2025-09-23 13:53:16', 'CUPOM177', 'ABERTO');
INSERT INTO marketplace.pedidos (id, cliente_id, criado_em, cupom_codigo, status) VALUES (72, 5, '2025-06-24 14:59:06', 'CUPOM054', 'ABERTO');
INSERT INTO marketplace.pedidos (id, cliente_id, criado_em, cupom_codigo, status) VALUES (73, 78, '2025-08-20 20:38:31', 'CUPOM043', 'CANCELADO');
INSERT INTO marketplace.pedidos (id, cliente_id, criado_em, cupom_codigo, status) VALUES (74, 121, '2024-01-16 05:53:17', 'CUPOM116', 'CANCELADO');
INSERT INTO marketplace.pedidos (id, cliente_id, criado_em, cupom_codigo, status) VALUES (75, 107, '2025-01-20 00:34:39', 'CUPOM103', 'CANCELADO');
INSERT INTO marketplace.pedidos (id, cliente_id, criado_em, cupom_codigo, status) VALUES (76, 60, '2025-07-08 19:20:12', 'CUPOM081', 'CANCELADO');
INSERT INTO marketplace.pedidos (id, cliente_id, criado_em, cupom_codigo, status) VALUES (77, 30, '2025-01-19 07:31:54', 'CUPOM089', 'CANCELADO');
INSERT INTO marketplace.pedidos (id, cliente_id, criado_em, cupom_codigo, status) VALUES (78, 89, '2024-12-06 06:58:30', 'CUPOM130', 'ENVIADO');
INSERT INTO marketplace.pedidos (id, cliente_id, criado_em, cupom_codigo, status) VALUES (79, 186, '2025-07-06 13:10:51', 'CUPOM168', 'ABERTO');
INSERT INTO marketplace.pedidos (id, cliente_id, criado_em, cupom_codigo, status) VALUES (80, 171, '2025-01-10 01:43:03', 'CUPOM052', 'PAGO');
INSERT INTO marketplace.pedidos (id, cliente_id, criado_em, cupom_codigo, status) VALUES (81, 143, '2024-02-06 13:03:47', 'CUPOM045', 'ABERTO');
INSERT INTO marketplace.pedidos (id, cliente_id, criado_em, cupom_codigo, status) VALUES (82, 159, '2024-06-25 01:48:45', 'CUPOM197', 'ENVIADO');
INSERT INTO marketplace.pedidos (id, cliente_id, criado_em, cupom_codigo, status) VALUES (83, 39, '2025-06-20 01:03:34', 'CUPOM132', 'ABERTO');
INSERT INTO marketplace.pedidos (id, cliente_id, criado_em, cupom_codigo, status) VALUES (84, 144, '2024-02-02 14:22:01', 'CUPOM093', 'CANCELADO');
INSERT INTO marketplace.pedidos (id, cliente_id, criado_em, cupom_codigo, status) VALUES (85, 188, '2024-03-18 02:58:43', NULL, 'PAGO');
INSERT INTO marketplace.pedidos (id, cliente_id, criado_em, cupom_codigo, status) VALUES (86, 122, '2024-09-22 02:40:02', 'CUPOM093', 'PAGO');
INSERT INTO marketplace.pedidos (id, cliente_id, criado_em, cupom_codigo, status) VALUES (87, 39, '2025-08-08 00:46:56', 'CUPOM133', 'ENVIADO');
INSERT INTO marketplace.pedidos (id, cliente_id, criado_em, cupom_codigo, status) VALUES (88, 8, '2024-12-09 18:15:53', 'CUPOM198', 'CANCELADO');
INSERT INTO marketplace.pedidos (id, cliente_id, criado_em, cupom_codigo, status) VALUES (89, 16, '2024-11-01 11:00:52', 'CUPOM165', 'CANCELADO');
INSERT INTO marketplace.pedidos (id, cliente_id, criado_em, cupom_codigo, status) VALUES (90, 103, '2025-06-12 20:20:56', 'CUPOM072', 'PAGO');
INSERT INTO marketplace.pedidos (id, cliente_id, criado_em, cupom_codigo, status) VALUES (91, 180, '2024-11-09 17:57:05', 'CUPOM089', 'CANCELADO');
INSERT INTO marketplace.pedidos (id, cliente_id, criado_em, cupom_codigo, status) VALUES (92, 199, '2024-06-02 05:51:33', 'CUPOM185', 'ENVIADO');
INSERT INTO marketplace.pedidos (id, cliente_id, criado_em, cupom_codigo, status) VALUES (93, 55, '2024-03-13 02:16:55', 'CUPOM041', 'ENVIADO');
INSERT INTO marketplace.pedidos (id, cliente_id, criado_em, cupom_codigo, status) VALUES (94, 62, '2025-08-24 07:20:49', 'CUPOM096', 'ENVIADO');
INSERT INTO marketplace.pedidos (id, cliente_id, criado_em, cupom_codigo, status) VALUES (95, 32, '2024-02-07 01:48:18', 'CUPOM032', 'PAGO');
INSERT INTO marketplace.pedidos (id, cliente_id, criado_em, cupom_codigo, status) VALUES (96, 90, '2024-08-20 09:31:20', 'CUPOM184', 'ABERTO');
INSERT INTO marketplace.pedidos (id, cliente_id, criado_em, cupom_codigo, status) VALUES (97, 84, '2025-02-05 03:21:35', 'CUPOM150', 'ABERTO');
INSERT INTO marketplace.pedidos (id, cliente_id, criado_em, cupom_codigo, status) VALUES (98, 16, '2024-11-26 00:27:45', 'CUPOM135', 'CANCELADO');
INSERT INTO marketplace.pedidos (id, cliente_id, criado_em, cupom_codigo, status) VALUES (99, 68, '2025-03-29 20:12:42', 'CUPOM107', 'PAGO');
INSERT INTO marketplace.pedidos (id, cliente_id, criado_em, cupom_codigo, status) VALUES (100, 125, '2025-07-06 08:48:26', NULL, 'PAGO');
INSERT INTO marketplace.pedidos (id, cliente_id, criado_em, cupom_codigo, status) VALUES (101, 144, '2024-10-13 20:50:54', 'CUPOM031', 'ENVIADO');
INSERT INTO marketplace.pedidos (id, cliente_id, criado_em, cupom_codigo, status) VALUES (102, 79, '2024-10-17 20:26:09', 'CUPOM125', 'PAGO');
INSERT INTO marketplace.pedidos (id, cliente_id, criado_em, cupom_codigo, status) VALUES (103, 190, '2025-01-14 15:46:27', 'CUPOM147', 'CANCELADO');
INSERT INTO marketplace.pedidos (id, cliente_id, criado_em, cupom_codigo, status) VALUES (104, 87, '2025-08-29 21:24:27', 'CUPOM036', 'CANCELADO');
INSERT INTO marketplace.pedidos (id, cliente_id, criado_em, cupom_codigo, status) VALUES (105, 39, '2025-07-19 08:22:16', NULL, 'CANCELADO');
INSERT INTO marketplace.pedidos (id, cliente_id, criado_em, cupom_codigo, status) VALUES (106, 189, '2024-08-03 10:38:47', 'CUPOM144', 'ABERTO');
INSERT INTO marketplace.pedidos (id, cliente_id, criado_em, cupom_codigo, status) VALUES (107, 165, '2025-03-10 11:05:32', 'CUPOM014', 'ABERTO');
INSERT INTO marketplace.pedidos (id, cliente_id, criado_em, cupom_codigo, status) VALUES (108, 31, '2025-05-26 06:45:05', 'CUPOM149', 'ENVIADO');
INSERT INTO marketplace.pedidos (id, cliente_id, criado_em, cupom_codigo, status) VALUES (109, 103, '2025-04-02 09:45:42', 'CUPOM047', 'ENVIADO');
INSERT INTO marketplace.pedidos (id, cliente_id, criado_em, cupom_codigo, status) VALUES (110, 24, '2024-03-30 01:07:50', 'CUPOM074', 'CANCELADO');
INSERT INTO marketplace.pedidos (id, cliente_id, criado_em, cupom_codigo, status) VALUES (111, 174, '2024-05-11 09:56:59', 'CUPOM007', 'PAGO');
INSERT INTO marketplace.pedidos (id, cliente_id, criado_em, cupom_codigo, status) VALUES (112, 106, '2024-09-08 19:51:27', 'CUPOM193', 'CANCELADO');
INSERT INTO marketplace.pedidos (id, cliente_id, criado_em, cupom_codigo, status) VALUES (113, 30, '2024-07-28 03:53:00', NULL, 'ENVIADO');
INSERT INTO marketplace.pedidos (id, cliente_id, criado_em, cupom_codigo, status) VALUES (114, 142, '2025-03-31 07:03:03', 'CUPOM033', 'ABERTO');
INSERT INTO marketplace.pedidos (id, cliente_id, criado_em, cupom_codigo, status) VALUES (115, 163, '2025-01-23 16:44:08', NULL, 'ABERTO');
INSERT INTO marketplace.pedidos (id, cliente_id, criado_em, cupom_codigo, status) VALUES (116, 119, '2025-04-27 03:14:39', 'CUPOM124', 'ENVIADO');
INSERT INTO marketplace.pedidos (id, cliente_id, criado_em, cupom_codigo, status) VALUES (117, 162, '2024-06-14 06:01:28', 'CUPOM150', 'CANCELADO');
INSERT INTO marketplace.pedidos (id, cliente_id, criado_em, cupom_codigo, status) VALUES (118, 179, '2024-04-05 12:27:24', 'CUPOM111', 'ENVIADO');
INSERT INTO marketplace.pedidos (id, cliente_id, criado_em, cupom_codigo, status) VALUES (119, 193, '2025-07-03 17:29:33', NULL, 'PAGO');
INSERT INTO marketplace.pedidos (id, cliente_id, criado_em, cupom_codigo, status) VALUES (120, 166, '2024-01-02 14:10:06', 'CUPOM106', 'CANCELADO');
INSERT INTO marketplace.pedidos (id, cliente_id, criado_em, cupom_codigo, status) VALUES (121, 138, '2024-03-04 00:43:22', 'CUPOM091', 'ENVIADO');
INSERT INTO marketplace.pedidos (id, cliente_id, criado_em, cupom_codigo, status) VALUES (122, 100, '2024-05-17 14:59:53', NULL, 'ENVIADO');
INSERT INTO marketplace.pedidos (id, cliente_id, criado_em, cupom_codigo, status) VALUES (123, 175, '2025-07-04 20:24:17', 'CUPOM161', 'ABERTO');
INSERT INTO marketplace.pedidos (id, cliente_id, criado_em, cupom_codigo, status) VALUES (124, 72, '2025-01-17 19:09:49', 'CUPOM029', 'CANCELADO');
INSERT INTO marketplace.pedidos (id, cliente_id, criado_em, cupom_codigo, status) VALUES (125, 44, '2025-03-04 14:01:17', 'CUPOM169', 'ABERTO');
INSERT INTO marketplace.pedidos (id, cliente_id, criado_em, cupom_codigo, status) VALUES (126, 33, '2024-07-20 15:45:03', 'CUPOM178', 'ENVIADO');
INSERT INTO marketplace.pedidos (id, cliente_id, criado_em, cupom_codigo, status) VALUES (127, 175, '2025-03-11 01:19:06', 'CUPOM165', 'ABERTO');
INSERT INTO marketplace.pedidos (id, cliente_id, criado_em, cupom_codigo, status) VALUES (128, 175, '2025-02-06 13:43:26', 'CUPOM012', 'CANCELADO');
INSERT INTO marketplace.pedidos (id, cliente_id, criado_em, cupom_codigo, status) VALUES (129, 81, '2024-01-05 00:10:33', 'CUPOM101', 'PAGO');
INSERT INTO marketplace.pedidos (id, cliente_id, criado_em, cupom_codigo, status) VALUES (130, 51, '2024-05-07 18:09:31', 'CUPOM152', 'ENVIADO');
INSERT INTO marketplace.pedidos (id, cliente_id, criado_em, cupom_codigo, status) VALUES (131, 65, '2024-07-10 23:16:35', 'CUPOM019', 'CANCELADO');
INSERT INTO marketplace.pedidos (id, cliente_id, criado_em, cupom_codigo, status) VALUES (132, 196, '2024-03-15 07:25:55', 'CUPOM161', 'PAGO');
INSERT INTO marketplace.pedidos (id, cliente_id, criado_em, cupom_codigo, status) VALUES (133, 16, '2025-09-15 05:34:46', NULL, 'ENVIADO');
INSERT INTO marketplace.pedidos (id, cliente_id, criado_em, cupom_codigo, status) VALUES (134, 98, '2024-11-07 23:54:54', 'CUPOM154', 'CANCELADO');
INSERT INTO marketplace.pedidos (id, cliente_id, criado_em, cupom_codigo, status) VALUES (135, 110, '2025-04-26 17:33:55', 'CUPOM087', 'ABERTO');
INSERT INTO marketplace.pedidos (id, cliente_id, criado_em, cupom_codigo, status) VALUES (136, 27, '2024-01-10 13:04:32', 'CUPOM050', 'CANCELADO');
INSERT INTO marketplace.pedidos (id, cliente_id, criado_em, cupom_codigo, status) VALUES (137, 124, '2025-07-16 19:57:08', 'CUPOM012', 'ENVIADO');
INSERT INTO marketplace.pedidos (id, cliente_id, criado_em, cupom_codigo, status) VALUES (138, 80, '2025-03-29 08:19:16', 'CUPOM075', 'PAGO');
INSERT INTO marketplace.pedidos (id, cliente_id, criado_em, cupom_codigo, status) VALUES (139, 15, '2024-07-03 09:13:15', 'CUPOM014', 'CANCELADO');
INSERT INTO marketplace.pedidos (id, cliente_id, criado_em, cupom_codigo, status) VALUES (140, 178, '2025-06-21 08:51:03', 'CUPOM149', 'PAGO');
INSERT INTO marketplace.pedidos (id, cliente_id, criado_em, cupom_codigo, status) VALUES (141, 27, '2024-12-18 20:48:17', 'CUPOM057', 'PAGO');
INSERT INTO marketplace.pedidos (id, cliente_id, criado_em, cupom_codigo, status) VALUES (142, 124, '2025-07-24 13:40:43', 'CUPOM197', 'ENVIADO');
INSERT INTO marketplace.pedidos (id, cliente_id, criado_em, cupom_codigo, status) VALUES (143, 8, '2025-03-06 20:12:03', NULL, 'PAGO');
INSERT INTO marketplace.pedidos (id, cliente_id, criado_em, cupom_codigo, status) VALUES (144, 51, '2024-08-08 16:01:27', 'CUPOM057', 'ENVIADO');
INSERT INTO marketplace.pedidos (id, cliente_id, criado_em, cupom_codigo, status) VALUES (145, 26, '2024-01-17 07:21:07', 'CUPOM029', 'ENVIADO');
INSERT INTO marketplace.pedidos (id, cliente_id, criado_em, cupom_codigo, status) VALUES (146, 170, '2024-05-13 02:22:41', 'CUPOM034', 'CANCELADO');
INSERT INTO marketplace.pedidos (id, cliente_id, criado_em, cupom_codigo, status) VALUES (147, 178, '2024-10-17 16:37:28', 'CUPOM158', 'ENVIADO');
INSERT INTO marketplace.pedidos (id, cliente_id, criado_em, cupom_codigo, status) VALUES (148, 39, '2024-09-11 12:24:33', 'CUPOM064', 'CANCELADO');
INSERT INTO marketplace.pedidos (id, cliente_id, criado_em, cupom_codigo, status) VALUES (149, 170, '2025-04-22 14:18:51', 'CUPOM043', 'ENVIADO');
INSERT INTO marketplace.pedidos (id, cliente_id, criado_em, cupom_codigo, status) VALUES (150, 183, '2024-10-17 09:36:16', 'CUPOM103', 'ABERTO');
INSERT INTO marketplace.pedidos (id, cliente_id, criado_em, cupom_codigo, status) VALUES (151, 54, '2024-06-19 12:15:59', 'CUPOM056', 'ENVIADO');
INSERT INTO marketplace.pedidos (id, cliente_id, criado_em, cupom_codigo, status) VALUES (152, 141, '2024-03-06 20:01:14', 'CUPOM091', 'ENVIADO');
INSERT INTO marketplace.pedidos (id, cliente_id, criado_em, cupom_codigo, status) VALUES (153, 110, '2024-12-16 10:04:04', 'CUPOM070', 'PAGO');
INSERT INTO marketplace.pedidos (id, cliente_id, criado_em, cupom_codigo, status) VALUES (154, 68, '2025-05-16 06:17:11', 'CUPOM022', 'ABERTO');
INSERT INTO marketplace.pedidos (id, cliente_id, criado_em, cupom_codigo, status) VALUES (155, 31, '2024-02-25 10:02:08', 'CUPOM078', 'ENVIADO');
INSERT INTO marketplace.pedidos (id, cliente_id, criado_em, cupom_codigo, status) VALUES (156, 49, '2025-07-02 02:07:55', 'CUPOM184', 'ENVIADO');
INSERT INTO marketplace.pedidos (id, cliente_id, criado_em, cupom_codigo, status) VALUES (157, 104, '2024-11-11 03:53:10', 'CUPOM168', 'PAGO');
INSERT INTO marketplace.pedidos (id, cliente_id, criado_em, cupom_codigo, status) VALUES (158, 122, '2024-06-30 12:54:57', 'CUPOM142', 'CANCELADO');
INSERT INTO marketplace.pedidos (id, cliente_id, criado_em, cupom_codigo, status) VALUES (159, 198, '2025-06-26 02:34:05', 'CUPOM116', 'ABERTO');
INSERT INTO marketplace.pedidos (id, cliente_id, criado_em, cupom_codigo, status) VALUES (160, 128, '2025-09-21 10:58:36', 'CUPOM193', 'ENVIADO');
INSERT INTO marketplace.pedidos (id, cliente_id, criado_em, cupom_codigo, status) VALUES (161, 84, '2025-03-31 21:38:09', 'CUPOM085', 'CANCELADO');
INSERT INTO marketplace.pedidos (id, cliente_id, criado_em, cupom_codigo, status) VALUES (162, 53, '2024-10-30 09:59:08', 'CUPOM049', 'ABERTO');
INSERT INTO marketplace.pedidos (id, cliente_id, criado_em, cupom_codigo, status) VALUES (163, 44, '2024-03-22 00:32:18', 'CUPOM173', 'CANCELADO');
INSERT INTO marketplace.pedidos (id, cliente_id, criado_em, cupom_codigo, status) VALUES (164, 73, '2024-06-08 22:06:38', 'CUPOM075', 'ENVIADO');
INSERT INTO marketplace.pedidos (id, cliente_id, criado_em, cupom_codigo, status) VALUES (165, 106, '2024-10-30 18:43:50', 'CUPOM029', 'PAGO');
INSERT INTO marketplace.pedidos (id, cliente_id, criado_em, cupom_codigo, status) VALUES (166, 80, '2024-12-01 16:48:16', 'CUPOM129', 'CANCELADO');
INSERT INTO marketplace.pedidos (id, cliente_id, criado_em, cupom_codigo, status) VALUES (167, 71, '2024-06-05 16:00:41', 'CUPOM064', 'CANCELADO');
INSERT INTO marketplace.pedidos (id, cliente_id, criado_em, cupom_codigo, status) VALUES (168, 119, '2025-03-23 11:53:34', 'CUPOM117', 'PAGO');
INSERT INTO marketplace.pedidos (id, cliente_id, criado_em, cupom_codigo, status) VALUES (169, 107, '2024-07-12 12:12:34', 'CUPOM046', 'CANCELADO');
INSERT INTO marketplace.pedidos (id, cliente_id, criado_em, cupom_codigo, status) VALUES (170, 179, '2024-02-03 21:57:52', 'CUPOM071', 'CANCELADO');
INSERT INTO marketplace.pedidos (id, cliente_id, criado_em, cupom_codigo, status) VALUES (171, 106, '2025-08-14 18:06:52', 'CUPOM027', 'CANCELADO');
INSERT INTO marketplace.pedidos (id, cliente_id, criado_em, cupom_codigo, status) VALUES (172, 43, '2024-07-15 07:54:40', 'CUPOM164', 'CANCELADO');
INSERT INTO marketplace.pedidos (id, cliente_id, criado_em, cupom_codigo, status) VALUES (173, 88, '2025-08-02 09:39:16', 'CUPOM084', 'CANCELADO');
INSERT INTO marketplace.pedidos (id, cliente_id, criado_em, cupom_codigo, status) VALUES (174, 125, '2024-12-24 08:19:04', 'CUPOM022', 'PAGO');
INSERT INTO marketplace.pedidos (id, cliente_id, criado_em, cupom_codigo, status) VALUES (175, 5, '2025-04-16 11:05:12', NULL, 'ENVIADO');
INSERT INTO marketplace.pedidos (id, cliente_id, criado_em, cupom_codigo, status) VALUES (176, 40, '2024-12-08 06:27:37', 'CUPOM013', 'ABERTO');
INSERT INTO marketplace.pedidos (id, cliente_id, criado_em, cupom_codigo, status) VALUES (177, 100, '2025-06-20 04:59:43', 'CUPOM014', 'ENVIADO');
INSERT INTO marketplace.pedidos (id, cliente_id, criado_em, cupom_codigo, status) VALUES (178, 62, '2024-06-04 08:00:12', 'CUPOM108', 'ABERTO');
INSERT INTO marketplace.pedidos (id, cliente_id, criado_em, cupom_codigo, status) VALUES (179, 171, '2024-05-10 09:33:49', 'CUPOM012', 'PAGO');
INSERT INTO marketplace.pedidos (id, cliente_id, criado_em, cupom_codigo, status) VALUES (180, 139, '2024-11-02 20:31:30', 'CUPOM103', 'ENVIADO');
INSERT INTO marketplace.pedidos (id, cliente_id, criado_em, cupom_codigo, status) VALUES (181, 4, '2024-10-29 06:57:54', 'CUPOM055', 'PAGO');
INSERT INTO marketplace.pedidos (id, cliente_id, criado_em, cupom_codigo, status) VALUES (182, 106, '2024-08-22 05:00:20', 'CUPOM065', 'ENVIADO');
INSERT INTO marketplace.pedidos (id, cliente_id, criado_em, cupom_codigo, status) VALUES (183, 162, '2025-06-24 20:15:33', 'CUPOM035', 'CANCELADO');
INSERT INTO marketplace.pedidos (id, cliente_id, criado_em, cupom_codigo, status) VALUES (184, 18, '2024-09-17 06:48:50', 'CUPOM060', 'ABERTO');
INSERT INTO marketplace.pedidos (id, cliente_id, criado_em, cupom_codigo, status) VALUES (185, 60, '2024-01-17 11:26:45', 'CUPOM158', 'ABERTO');
INSERT INTO marketplace.pedidos (id, cliente_id, criado_em, cupom_codigo, status) VALUES (186, 36, '2024-10-17 21:37:35', 'CUPOM061', 'CANCELADO');
INSERT INTO marketplace.pedidos (id, cliente_id, criado_em, cupom_codigo, status) VALUES (187, 190, '2024-09-12 07:13:22', NULL, 'PAGO');
INSERT INTO marketplace.pedidos (id, cliente_id, criado_em, cupom_codigo, status) VALUES (188, 188, '2024-09-14 07:19:31', 'CUPOM053', 'CANCELADO');
INSERT INTO marketplace.pedidos (id, cliente_id, criado_em, cupom_codigo, status) VALUES (189, 134, '2024-09-06 19:44:53', 'CUPOM114', 'PAGO');
INSERT INTO marketplace.pedidos (id, cliente_id, criado_em, cupom_codigo, status) VALUES (190, 33, '2024-03-12 06:31:08', 'CUPOM053', 'PAGO');
INSERT INTO marketplace.pedidos (id, cliente_id, criado_em, cupom_codigo, status) VALUES (191, 185, '2024-06-02 10:20:34', 'CUPOM046', 'ENVIADO');
INSERT INTO marketplace.pedidos (id, cliente_id, criado_em, cupom_codigo, status) VALUES (192, 124, '2024-03-03 03:36:20', 'CUPOM113', 'PAGO');
INSERT INTO marketplace.pedidos (id, cliente_id, criado_em, cupom_codigo, status) VALUES (193, 124, '2024-01-16 09:18:18', 'CUPOM098', 'ENVIADO');
INSERT INTO marketplace.pedidos (id, cliente_id, criado_em, cupom_codigo, status) VALUES (194, 98, '2024-12-26 03:05:07', 'CUPOM124', 'PAGO');
INSERT INTO marketplace.pedidos (id, cliente_id, criado_em, cupom_codigo, status) VALUES (195, 40, '2024-05-27 06:52:53', 'CUPOM186', 'CANCELADO');
INSERT INTO marketplace.pedidos (id, cliente_id, criado_em, cupom_codigo, status) VALUES (196, 126, '2024-08-27 02:00:34', 'CUPOM032', 'ENVIADO');
INSERT INTO marketplace.pedidos (id, cliente_id, criado_em, cupom_codigo, status) VALUES (197, 198, '2025-08-06 18:25:05', 'CUPOM015', 'CANCELADO');
INSERT INTO marketplace.pedidos (id, cliente_id, criado_em, cupom_codigo, status) VALUES (198, 109, '2025-07-25 09:46:29', 'CUPOM179', 'PAGO');
INSERT INTO marketplace.pedidos (id, cliente_id, criado_em, cupom_codigo, status) VALUES (199, 67, '2025-04-15 06:08:17', 'CUPOM117', 'ABERTO');
INSERT INTO marketplace.pedidos (id, cliente_id, criado_em, cupom_codigo, status) VALUES (200, 165, '2025-07-06 17:21:42', 'CUPOM151', 'ENVIADO');

create table marketplace.itens_pedido(
  pedido_id int references marketplace.pedidos(id),
  livro_id int references marketplace.livros(id),
  quantidade int check(quantidade >= 0),
  preco_unitario numeric check(preco_unitario >= 0)
);

INSERT INTO marketplace.itens_pedido (pedido_id, livro_id, quantidade, preco_unitario) VALUES (129,137,4,180.4);
INSERT INTO marketplace.itens_pedido (pedido_id, livro_id, quantidade, preco_unitario) VALUES (188,106,1,217.41);
INSERT INTO marketplace.itens_pedido (pedido_id, livro_id, quantidade, preco_unitario) VALUES (147,199,3,130.35);
INSERT INTO marketplace.itens_pedido (pedido_id, livro_id, quantidade, preco_unitario) VALUES (69,192,2,190.69);
INSERT INTO marketplace.itens_pedido (pedido_id, livro_id, quantidade, preco_unitario) VALUES (102,179,3,99.11);
INSERT INTO marketplace.itens_pedido (pedido_id, livro_id, quantidade, preco_unitario) VALUES (44,126,1,130.51);
INSERT INTO marketplace.itens_pedido (pedido_id, livro_id, quantidade, preco_unitario) VALUES (199,179,4,110.52);
INSERT INTO marketplace.itens_pedido (pedido_id, livro_id, quantidade, preco_unitario) VALUES (168,74,4,199.57);
INSERT INTO marketplace.itens_pedido (pedido_id, livro_id, quantidade, preco_unitario) VALUES (96,48,2,89.12);
INSERT INTO marketplace.itens_pedido (pedido_id, livro_id, quantidade, preco_unitario) VALUES (47,129,1,207.54);
INSERT INTO marketplace.itens_pedido (pedido_id, livro_id, quantidade, preco_unitario) VALUES (55,48,2,86.48);
INSERT INTO marketplace.itens_pedido (pedido_id, livro_id, quantidade, preco_unitario) VALUES (47,195,2,142.49);
INSERT INTO marketplace.itens_pedido (pedido_id, livro_id, quantidade, preco_unitario) VALUES (105,113,5,114.89);
INSERT INTO marketplace.itens_pedido (pedido_id, livro_id, quantidade, preco_unitario) VALUES (163,43,1,56.92);
INSERT INTO marketplace.itens_pedido (pedido_id, livro_id, quantidade, preco_unitario) VALUES (97,32,3,11.62);
INSERT INTO marketplace.itens_pedido (pedido_id, livro_id, quantidade, preco_unitario) VALUES (8,150,2,228.06);
INSERT INTO marketplace.itens_pedido (pedido_id, livro_id, quantidade, preco_unitario) VALUES (173,195,1,135.01);
INSERT INTO marketplace.itens_pedido (pedido_id, livro_id, quantidade, preco_unitario) VALUES (69,193,1,127.21);
INSERT INTO marketplace.itens_pedido (pedido_id, livro_id, quantidade, preco_unitario) VALUES (11,25,2,150.43);
INSERT INTO marketplace.itens_pedido (pedido_id, livro_id, quantidade, preco_unitario) VALUES (2,97,5,183.79);
INSERT INTO marketplace.itens_pedido (pedido_id, livro_id, quantidade, preco_unitario) VALUES (195,69,4,251.08);
INSERT INTO marketplace.itens_pedido (pedido_id, livro_id, quantidade, preco_unitario) VALUES (87,155,4,77.94);
INSERT INTO marketplace.itens_pedido (pedido_id, livro_id, quantidade, preco_unitario) VALUES (175,88,3,172.19);
INSERT INTO marketplace.itens_pedido (pedido_id, livro_id, quantidade, preco_unitario) VALUES (93,171,4,219.52);
INSERT INTO marketplace.itens_pedido (pedido_id, livro_id, quantidade, preco_unitario) VALUES (15,92,3,14.73);
INSERT INTO marketplace.itens_pedido (pedido_id, livro_id, quantidade, preco_unitario) VALUES (1,117,4,37.67);
INSERT INTO marketplace.itens_pedido (pedido_id, livro_id, quantidade, preco_unitario) VALUES (36,7,5,107.2);
INSERT INTO marketplace.itens_pedido (pedido_id, livro_id, quantidade, preco_unitario) VALUES (136,72,2,95.45);
INSERT INTO marketplace.itens_pedido (pedido_id, livro_id, quantidade, preco_unitario) VALUES (159,176,4,60.72);
INSERT INTO marketplace.itens_pedido (pedido_id, livro_id, quantidade, preco_unitario) VALUES (170,49,1,245.41);
INSERT INTO marketplace.itens_pedido (pedido_id, livro_id, quantidade, preco_unitario) VALUES (83,5,3,69.55);
INSERT INTO marketplace.itens_pedido (pedido_id, livro_id, quantidade, preco_unitario) VALUES (189,84,4,93.05);
INSERT INTO marketplace.itens_pedido (pedido_id, livro_id, quantidade, preco_unitario) VALUES (125,103,5,226.99);
INSERT INTO marketplace.itens_pedido (pedido_id, livro_id, quantidade, preco_unitario) VALUES (90,110,4,324.53);
INSERT INTO marketplace.itens_pedido (pedido_id, livro_id, quantidade, preco_unitario) VALUES (180,26,4,221.99);
INSERT INTO marketplace.itens_pedido (pedido_id, livro_id, quantidade, preco_unitario) VALUES (50,183,2,192.57);
INSERT INTO marketplace.itens_pedido (pedido_id, livro_id, quantidade, preco_unitario) VALUES (147,184,5,190.41);
INSERT INTO marketplace.itens_pedido (pedido_id, livro_id, quantidade, preco_unitario) VALUES (128,23,3,83.2);
INSERT INTO marketplace.itens_pedido (pedido_id, livro_id, quantidade, preco_unitario) VALUES (141,120,2,66.67);
INSERT INTO marketplace.itens_pedido (pedido_id, livro_id, quantidade, preco_unitario) VALUES (30,124,5,105.36);
INSERT INTO marketplace.itens_pedido (pedido_id, livro_id, quantidade, preco_unitario) VALUES (55,44,1,81.89);
INSERT INTO marketplace.itens_pedido (pedido_id, livro_id, quantidade, preco_unitario) VALUES (184,8,2,185.48);
INSERT INTO marketplace.itens_pedido (pedido_id, livro_id, quantidade, preco_unitario) VALUES (84,99,3,282.03);
INSERT INTO marketplace.itens_pedido (pedido_id, livro_id, quantidade, preco_unitario) VALUES (66,171,4,245.31);
INSERT INTO marketplace.itens_pedido (pedido_id, livro_id, quantidade, preco_unitario) VALUES (172,32,2,13.81);
INSERT INTO marketplace.itens_pedido (pedido_id, livro_id, quantidade, preco_unitario) VALUES (163,186,4,183.91);
INSERT INTO marketplace.itens_pedido (pedido_id, livro_id, quantidade, preco_unitario) VALUES (178,86,2,116.66);
INSERT INTO marketplace.itens_pedido (pedido_id, livro_id, quantidade, preco_unitario) VALUES (197,154,1,247.9);
INSERT INTO marketplace.itens_pedido (pedido_id, livro_id, quantidade, preco_unitario) VALUES (97,184,4,216.55);
INSERT INTO marketplace.itens_pedido (pedido_id, livro_id, quantidade, preco_unitario) VALUES (144,112,2,202.25);
INSERT INTO marketplace.itens_pedido (pedido_id, livro_id, quantidade, preco_unitario) VALUES (30,75,1,169.59);
INSERT INTO marketplace.itens_pedido (pedido_id, livro_id, quantidade, preco_unitario) VALUES (88,190,5,94.23);
INSERT INTO marketplace.itens_pedido (pedido_id, livro_id, quantidade, preco_unitario) VALUES (191,30,5,222.01);
INSERT INTO marketplace.itens_pedido (pedido_id, livro_id, quantidade, preco_unitario) VALUES (81,98,5,171.17);
INSERT INTO marketplace.itens_pedido (pedido_id, livro_id, quantidade, preco_unitario) VALUES (80,16,5,173.27);
INSERT INTO marketplace.itens_pedido (pedido_id, livro_id, quantidade, preco_unitario) VALUES (100,109,3,306.64);
INSERT INTO marketplace.itens_pedido (pedido_id, livro_id, quantidade, preco_unitario) VALUES (174,33,5,100.08);
INSERT INTO marketplace.itens_pedido (pedido_id, livro_id, quantidade, preco_unitario) VALUES (152,57,1,282.61);
INSERT INTO marketplace.itens_pedido (pedido_id, livro_id, quantidade, preco_unitario) VALUES (138,118,3,130.27);
INSERT INTO marketplace.itens_pedido (pedido_id, livro_id, quantidade, preco_unitario) VALUES (76,57,4,299.04);
INSERT INTO marketplace.itens_pedido (pedido_id, livro_id, quantidade, preco_unitario) VALUES (38,154,3,223.89);
INSERT INTO marketplace.itens_pedido (pedido_id, livro_id, quantidade, preco_unitario) VALUES (171,180,1,290.52);
INSERT INTO marketplace.itens_pedido (pedido_id, livro_id, quantidade, preco_unitario) VALUES (80,129,1,200.11);
INSERT INTO marketplace.itens_pedido (pedido_id, livro_id, quantidade, preco_unitario) VALUES (181,147,4,61.13);
INSERT INTO marketplace.itens_pedido (pedido_id, livro_id, quantidade, preco_unitario) VALUES (56,127,3,239.23);
INSERT INTO marketplace.itens_pedido (pedido_id, livro_id, quantidade, preco_unitario) VALUES (97,16,3,160.09);
INSERT INTO marketplace.itens_pedido (pedido_id, livro_id, quantidade, preco_unitario) VALUES (184,54,2,249.01);
INSERT INTO marketplace.itens_pedido (pedido_id, livro_id, quantidade, preco_unitario) VALUES (14,199,2,131.39);
INSERT INTO marketplace.itens_pedido (pedido_id, livro_id, quantidade, preco_unitario) VALUES (187,101,3,226.53);
INSERT INTO marketplace.itens_pedido (pedido_id, livro_id, quantidade, preco_unitario) VALUES (169,41,1,284.27);
INSERT INTO marketplace.itens_pedido (pedido_id, livro_id, quantidade, preco_unitario) VALUES (87,109,4,319.38);
INSERT INTO marketplace.itens_pedido (pedido_id, livro_id, quantidade, preco_unitario) VALUES (194,101,4,188.83);
INSERT INTO marketplace.itens_pedido (pedido_id, livro_id, quantidade, preco_unitario) VALUES (187,73,3,182.09);
INSERT INTO marketplace.itens_pedido (pedido_id, livro_id, quantidade, preco_unitario) VALUES (50,180,5,278.84);
INSERT INTO marketplace.itens_pedido (pedido_id, livro_id, quantidade, preco_unitario) VALUES (34,83,5,48.14);
INSERT INTO marketplace.itens_pedido (pedido_id, livro_id, quantidade, preco_unitario) VALUES (14,182,3,111.55);
INSERT INTO marketplace.itens_pedido (pedido_id, livro_id, quantidade, preco_unitario) VALUES (42,148,2,40.15);
INSERT INTO marketplace.itens_pedido (pedido_id, livro_id, quantidade, preco_unitario) VALUES (124,75,2,173.21);
INSERT INTO marketplace.itens_pedido (pedido_id, livro_id, quantidade, preco_unitario) VALUES (192,51,1,48.16);
INSERT INTO marketplace.itens_pedido (pedido_id, livro_id, quantidade, preco_unitario) VALUES (148,27,2,162.6);
INSERT INTO marketplace.itens_pedido (pedido_id, livro_id, quantidade, preco_unitario) VALUES (110,174,2,159.65);
INSERT INTO marketplace.itens_pedido (pedido_id, livro_id, quantidade, preco_unitario) VALUES (25,92,4,12.99);
INSERT INTO marketplace.itens_pedido (pedido_id, livro_id, quantidade, preco_unitario) VALUES (14,31,5,225.51);
INSERT INTO marketplace.itens_pedido (pedido_id, livro_id, quantidade, preco_unitario) VALUES (152,112,2,219.53);
INSERT INTO marketplace.itens_pedido (pedido_id, livro_id, quantidade, preco_unitario) VALUES (104,63,1,45.24);
INSERT INTO marketplace.itens_pedido (pedido_id, livro_id, quantidade, preco_unitario) VALUES (102,126,3,147.29);
INSERT INTO marketplace.itens_pedido (pedido_id, livro_id, quantidade, preco_unitario) VALUES (45,168,4,12.71);
INSERT INTO marketplace.itens_pedido (pedido_id, livro_id, quantidade, preco_unitario) VALUES (172,169,1,22.04);
INSERT INTO marketplace.itens_pedido (pedido_id, livro_id, quantidade, preco_unitario) VALUES (167,98,3,167.76);
INSERT INTO marketplace.itens_pedido (pedido_id, livro_id, quantidade, preco_unitario) VALUES (114,95,1,184.6);
INSERT INTO marketplace.itens_pedido (pedido_id, livro_id, quantidade, preco_unitario) VALUES (22,32,4,13.09);
INSERT INTO marketplace.itens_pedido (pedido_id, livro_id, quantidade, preco_unitario) VALUES (131,58,1,98.24);
INSERT INTO marketplace.itens_pedido (pedido_id, livro_id, quantidade, preco_unitario) VALUES (147,123,3,84.0);
INSERT INTO marketplace.itens_pedido (pedido_id, livro_id, quantidade, preco_unitario) VALUES (25,152,2,120.73);
INSERT INTO marketplace.itens_pedido (pedido_id, livro_id, quantidade, preco_unitario) VALUES (166,180,4,273.4);
INSERT INTO marketplace.itens_pedido (pedido_id, livro_id, quantidade, preco_unitario) VALUES (33,26,3,211.33);
INSERT INTO marketplace.itens_pedido (pedido_id, livro_id, quantidade, preco_unitario) VALUES (138,48,4,100.79);
INSERT INTO marketplace.itens_pedido (pedido_id, livro_id, quantidade, preco_unitario) VALUES (6,101,5,219.63);
INSERT INTO marketplace.itens_pedido (pedido_id, livro_id, quantidade, preco_unitario) VALUES (136,126,1,142.49);
INSERT INTO marketplace.itens_pedido (pedido_id, livro_id, quantidade, preco_unitario) VALUES (150,138,1,267.09);
INSERT INTO marketplace.itens_pedido (pedido_id, livro_id, quantidade, preco_unitario) VALUES (54,169,1,19.55);
INSERT INTO marketplace.itens_pedido (pedido_id, livro_id, quantidade, preco_unitario) VALUES (154,178,2,205.62);
INSERT INTO marketplace.itens_pedido (pedido_id, livro_id, quantidade, preco_unitario) VALUES (115,81,1,136.02);
INSERT INTO marketplace.itens_pedido (pedido_id, livro_id, quantidade, preco_unitario) VALUES (148,53,2,33.09);
INSERT INTO marketplace.itens_pedido (pedido_id, livro_id, quantidade, preco_unitario) VALUES (66,193,1,112.91);
INSERT INTO marketplace.itens_pedido (pedido_id, livro_id, quantidade, preco_unitario) VALUES (32,130,3,46.22);
INSERT INTO marketplace.itens_pedido (pedido_id, livro_id, quantidade, preco_unitario) VALUES (140,44,4,97.38);
INSERT INTO marketplace.itens_pedido (pedido_id, livro_id, quantidade, preco_unitario) VALUES (169,1,2,176.52);
INSERT INTO marketplace.itens_pedido (pedido_id, livro_id, quantidade, preco_unitario) VALUES (133,76,5,217.97);
INSERT INTO marketplace.itens_pedido (pedido_id, livro_id, quantidade, preco_unitario) VALUES (148,126,3,142.59);
INSERT INTO marketplace.itens_pedido (pedido_id, livro_id, quantidade, preco_unitario) VALUES (91,156,5,174.76);
INSERT INTO marketplace.itens_pedido (pedido_id, livro_id, quantidade, preco_unitario) VALUES (177,26,1,219.37);
INSERT INTO marketplace.itens_pedido (pedido_id, livro_id, quantidade, preco_unitario) VALUES (49,37,3,206.85);
INSERT INTO marketplace.itens_pedido (pedido_id, livro_id, quantidade, preco_unitario) VALUES (56,35,5,130.66);
INSERT INTO marketplace.itens_pedido (pedido_id, livro_id, quantidade, preco_unitario) VALUES (152,92,3,12.85);
INSERT INTO marketplace.itens_pedido (pedido_id, livro_id, quantidade, preco_unitario) VALUES (160,109,1,293.76);
INSERT INTO marketplace.itens_pedido (pedido_id, livro_id, quantidade, preco_unitario) VALUES (67,98,2,160.16);
INSERT INTO marketplace.itens_pedido (pedido_id, livro_id, quantidade, preco_unitario) VALUES (22,66,4,206.31);
INSERT INTO marketplace.itens_pedido (pedido_id, livro_id, quantidade, preco_unitario) VALUES (37,138,2,232.37);
INSERT INTO marketplace.itens_pedido (pedido_id, livro_id, quantidade, preco_unitario) VALUES (188,69,2,263.26);
INSERT INTO marketplace.itens_pedido (pedido_id, livro_id, quantidade, preco_unitario) VALUES (145,169,5,21.32);
INSERT INTO marketplace.itens_pedido (pedido_id, livro_id, quantidade, preco_unitario) VALUES (108,40,3,242.71);
INSERT INTO marketplace.itens_pedido (pedido_id, livro_id, quantidade, preco_unitario) VALUES (112,98,1,178.6);
INSERT INTO marketplace.itens_pedido (pedido_id, livro_id, quantidade, preco_unitario) VALUES (64,20,3,111.8);
INSERT INTO marketplace.itens_pedido (pedido_id, livro_id, quantidade, preco_unitario) VALUES (29,176,5,59.41);
INSERT INTO marketplace.itens_pedido (pedido_id, livro_id, quantidade, preco_unitario) VALUES (85,164,1,132.38);
INSERT INTO marketplace.itens_pedido (pedido_id, livro_id, quantidade, preco_unitario) VALUES (86,200,3,100.63);
INSERT INTO marketplace.itens_pedido (pedido_id, livro_id, quantidade, preco_unitario) VALUES (58,71,1,207.38);
INSERT INTO marketplace.itens_pedido (pedido_id, livro_id, quantidade, preco_unitario) VALUES (57,97,1,193.41);
INSERT INTO marketplace.itens_pedido (pedido_id, livro_id, quantidade, preco_unitario) VALUES (32,45,5,276.39);
INSERT INTO marketplace.itens_pedido (pedido_id, livro_id, quantidade, preco_unitario) VALUES (79,151,4,180.86);
INSERT INTO marketplace.itens_pedido (pedido_id, livro_id, quantidade, preco_unitario) VALUES (90,180,5,305.71);
INSERT INTO marketplace.itens_pedido (pedido_id, livro_id, quantidade, preco_unitario) VALUES (142,70,5,12.59);
INSERT INTO marketplace.itens_pedido (pedido_id, livro_id, quantidade, preco_unitario) VALUES (13,44,3,96.84);
INSERT INTO marketplace.itens_pedido (pedido_id, livro_id, quantidade, preco_unitario) VALUES (100,47,3,98.76);
INSERT INTO marketplace.itens_pedido (pedido_id, livro_id, quantidade, preco_unitario) VALUES (174,137,5,180.71);
INSERT INTO marketplace.itens_pedido (pedido_id, livro_id, quantidade, preco_unitario) VALUES (104,123,5,74.85);
INSERT INTO marketplace.itens_pedido (pedido_id, livro_id, quantidade, preco_unitario) VALUES (3,176,5,63.12);
INSERT INTO marketplace.itens_pedido (pedido_id, livro_id, quantidade, preco_unitario) VALUES (169,33,2,94.56);
INSERT INTO marketplace.itens_pedido (pedido_id, livro_id, quantidade, preco_unitario) VALUES (189,69,1,273.56);
INSERT INTO marketplace.itens_pedido (pedido_id, livro_id, quantidade, preco_unitario) VALUES (164,95,2,206.9);
INSERT INTO marketplace.itens_pedido (pedido_id, livro_id, quantidade, preco_unitario) VALUES (108,181,4,87.71);
INSERT INTO marketplace.itens_pedido (pedido_id, livro_id, quantidade, preco_unitario) VALUES (91,120,5,59.14);
INSERT INTO marketplace.itens_pedido (pedido_id, livro_id, quantidade, preco_unitario) VALUES (110,134,2,211.41);
INSERT INTO marketplace.itens_pedido (pedido_id, livro_id, quantidade, preco_unitario) VALUES (23,79,4,166.73);
INSERT INTO marketplace.itens_pedido (pedido_id, livro_id, quantidade, preco_unitario) VALUES (24,163,1,38.18);
INSERT INTO marketplace.itens_pedido (pedido_id, livro_id, quantidade, preco_unitario) VALUES (62,24,2,45.33);
INSERT INTO marketplace.itens_pedido (pedido_id, livro_id, quantidade, preco_unitario) VALUES (22,191,3,168.49);
INSERT INTO marketplace.itens_pedido (pedido_id, livro_id, quantidade, preco_unitario) VALUES (127,3,4,292.03);
INSERT INTO marketplace.itens_pedido (pedido_id, livro_id, quantidade, preco_unitario) VALUES (188,35,4,129.25);
INSERT INTO marketplace.itens_pedido (pedido_id, livro_id, quantidade, preco_unitario) VALUES (176,174,5,152.94);
INSERT INTO marketplace.itens_pedido (pedido_id, livro_id, quantidade, preco_unitario) VALUES (104,4,5,125.03);
INSERT INTO marketplace.itens_pedido (pedido_id, livro_id, quantidade, preco_unitario) VALUES (191,2,4,280.96);
INSERT INTO marketplace.itens_pedido (pedido_id, livro_id, quantidade, preco_unitario) VALUES (192,89,2,145.85);
INSERT INTO marketplace.itens_pedido (pedido_id, livro_id, quantidade, preco_unitario) VALUES (170,136,5,223.49);
INSERT INTO marketplace.itens_pedido (pedido_id, livro_id, quantidade, preco_unitario) VALUES (115,44,5,96.08);
INSERT INTO marketplace.itens_pedido (pedido_id, livro_id, quantidade, preco_unitario) VALUES (45,20,3,129.09);
INSERT INTO marketplace.itens_pedido (pedido_id, livro_id, quantidade, preco_unitario) VALUES (132,91,1,217.74);
INSERT INTO marketplace.itens_pedido (pedido_id, livro_id, quantidade, preco_unitario) VALUES (98,44,3,97.25);
INSERT INTO marketplace.itens_pedido (pedido_id, livro_id, quantidade, preco_unitario) VALUES (87,174,2,156.88);
INSERT INTO marketplace.itens_pedido (pedido_id, livro_id, quantidade, preco_unitario) VALUES (197,31,3,210.15);
INSERT INTO marketplace.itens_pedido (pedido_id, livro_id, quantidade, preco_unitario) VALUES (76,68,2,180.97);
INSERT INTO marketplace.itens_pedido (pedido_id, livro_id, quantidade, preco_unitario) VALUES (162,146,4,150.0);
INSERT INTO marketplace.itens_pedido (pedido_id, livro_id, quantidade, preco_unitario) VALUES (79,165,5,58.2);
INSERT INTO marketplace.itens_pedido (pedido_id, livro_id, quantidade, preco_unitario) VALUES (10,119,5,181.31);
INSERT INTO marketplace.itens_pedido (pedido_id, livro_id, quantidade, preco_unitario) VALUES (15,92,1,14.2);
INSERT INTO marketplace.itens_pedido (pedido_id, livro_id, quantidade, preco_unitario) VALUES (85,77,3,130.01);
INSERT INTO marketplace.itens_pedido (pedido_id, livro_id, quantidade, preco_unitario) VALUES (90,185,2,204.6);
INSERT INTO marketplace.itens_pedido (pedido_id, livro_id, quantidade, preco_unitario) VALUES (3,26,4,231.17);
INSERT INTO marketplace.itens_pedido (pedido_id, livro_id, quantidade, preco_unitario) VALUES (22,136,5,265.62);
INSERT INTO marketplace.itens_pedido (pedido_id, livro_id, quantidade, preco_unitario) VALUES (106,32,4,11.47);
INSERT INTO marketplace.itens_pedido (pedido_id, livro_id, quantidade, preco_unitario) VALUES (197,169,3,19.74);
INSERT INTO marketplace.itens_pedido (pedido_id, livro_id, quantidade, preco_unitario) VALUES (102,96,3,92.15);
INSERT INTO marketplace.itens_pedido (pedido_id, livro_id, quantidade, preco_unitario) VALUES (47,138,3,234.31);
INSERT INTO marketplace.itens_pedido (pedido_id, livro_id, quantidade, preco_unitario) VALUES (113,169,4,19.47);
INSERT INTO marketplace.itens_pedido (pedido_id, livro_id, quantidade, preco_unitario) VALUES (91,192,4,158.24);
INSERT INTO marketplace.itens_pedido (pedido_id, livro_id, quantidade, preco_unitario) VALUES (182,51,1,46.45);
INSERT INTO marketplace.itens_pedido (pedido_id, livro_id, quantidade, preco_unitario) VALUES (11,35,4,127.27);
INSERT INTO marketplace.itens_pedido (pedido_id, livro_id, quantidade, preco_unitario) VALUES (85,9,2,234.31);
INSERT INTO marketplace.itens_pedido (pedido_id, livro_id, quantidade, preco_unitario) VALUES (123,171,3,207.84);
INSERT INTO marketplace.itens_pedido (pedido_id, livro_id, quantidade, preco_unitario) VALUES (126,141,4,288.67);
INSERT INTO marketplace.itens_pedido (pedido_id, livro_id, quantidade, preco_unitario) VALUES (183,33,3,101.78);
INSERT INTO marketplace.itens_pedido (pedido_id, livro_id, quantidade, preco_unitario) VALUES (200,103,5,224.08);
INSERT INTO marketplace.itens_pedido (pedido_id, livro_id, quantidade, preco_unitario) VALUES (190,100,2,261.56);
INSERT INTO marketplace.itens_pedido (pedido_id, livro_id, quantidade, preco_unitario) VALUES (28,6,2,226.39);
INSERT INTO marketplace.itens_pedido (pedido_id, livro_id, quantidade, preco_unitario) VALUES (129,4,2,121.35);
INSERT INTO marketplace.itens_pedido (pedido_id, livro_id, quantidade, preco_unitario) VALUES (88,110,5,309.77);
INSERT INTO marketplace.itens_pedido (pedido_id, livro_id, quantidade, preco_unitario) VALUES (112,123,3,77.35);
INSERT INTO marketplace.itens_pedido (pedido_id, livro_id, quantidade, preco_unitario) VALUES (22,195,4,142.15);
INSERT INTO marketplace.itens_pedido (pedido_id, livro_id, quantidade, preco_unitario) VALUES (40,187,5,216.93);
INSERT INTO marketplace.itens_pedido (pedido_id, livro_id, quantidade, preco_unitario) VALUES (72,197,1,65.57);
INSERT INTO marketplace.itens_pedido (pedido_id, livro_id, quantidade, preco_unitario) VALUES (180,64,4,104.04);
INSERT INTO marketplace.itens_pedido (pedido_id, livro_id, quantidade, preco_unitario) VALUES (181,27,5,170.42);
INSERT INTO marketplace.itens_pedido (pedido_id, livro_id, quantidade, preco_unitario) VALUES (49,152,2,116.91);
INSERT INTO marketplace.itens_pedido (pedido_id, livro_id, quantidade, preco_unitario) VALUES (34,103,1,204.69);
INSERT INTO marketplace.itens_pedido (pedido_id, livro_id, quantidade, preco_unitario) VALUES (50,38,4,27.64);
INSERT INTO marketplace.itens_pedido (pedido_id, livro_id, quantidade, preco_unitario) VALUES (52,24,1,43.59);
INSERT INTO marketplace.itens_pedido (pedido_id, livro_id, quantidade, preco_unitario) VALUES (135,79,2,149.37);
INSERT INTO marketplace.itens_pedido (pedido_id, livro_id, quantidade, preco_unitario) VALUES (110,123,1,81.03);
INSERT INTO marketplace.itens_pedido (pedido_id, livro_id, quantidade, preco_unitario) VALUES (165,14,3,189.35);

create table marketplace.pagamentos(
  id int primary key,
  pedido_id int references marketplace.pedidos(id),
  valor numeric check ( valor >= 0 ),
  meio text not null check ( meio in ('PIX','PAYPAL','CARTAO','BOLETO') ),
  pago_em date
);

INSERT INTO marketplace.pagamentos (id, pedido_id, valor, meio, pago_em) VALUES (1,94,154.67,'PAYPAL','2024-07-10 19:49:44');
INSERT INTO marketplace.pagamentos (id, pedido_id, valor, meio, pago_em) VALUES (2,82,449.65,'PIX','2024-01-01 09:59:25');
INSERT INTO marketplace.pagamentos (id, pedido_id, valor, meio, pago_em) VALUES (3,14,1724.98,'CARTAO','2024-08-09 14:41:37');
INSERT INTO marketplace.pagamentos (id, pedido_id, valor, meio, pago_em) VALUES (4,121,77.24,'PAYPAL','2024-05-23 13:40:02');
INSERT INTO marketplace.pagamentos (id, pedido_id, valor, meio, pago_em) VALUES (5,65,475.2,'BOLETO','2024-08-24 09:37:12');
INSERT INTO marketplace.pagamentos (id, pedido_id, valor, meio, pago_em) VALUES (6,29,148.52,'PIX','2025-06-14 11:19:31');
INSERT INTO marketplace.pagamentos (id, pedido_id, valor, meio, pago_em) VALUES (7,142,62.95,'BOLETO','2024-10-07 01:29:16');
INSERT INTO marketplace.pagamentos (id, pedido_id, valor, meio, pago_em) VALUES (8,190,523.12,'BOLETO','2024-07-04 01:20:35');
INSERT INTO marketplace.pagamentos (id, pedido_id, valor, meio, pago_em) VALUES (9,167,503.28,'CARTAO','2025-03-29 20:38:55');
INSERT INTO marketplace.pagamentos (id, pedido_id, valor, meio, pago_em) VALUES (10,99,30.93,'CARTAO','2025-05-03 23:49:24');
INSERT INTO marketplace.pagamentos (id, pedido_id, valor, meio, pago_em) VALUES (11,191,1116.94,'PIX','2025-03-31 14:17:52');
INSERT INTO marketplace.pagamentos (id, pedido_id, valor, meio, pago_em) VALUES (12,168,798.28,'CARTAO','2025-07-01 07:48:55');
INSERT INTO marketplace.pagamentos (id, pedido_id, valor, meio, pago_em) VALUES (13,115,308.21,'PIX','2025-02-28 12:58:17');
INSERT INTO marketplace.pagamentos (id, pedido_id, valor, meio, pago_em) VALUES (14,159,242.88,'BOLETO','2025-07-17 09:30:58');
INSERT INTO marketplace.pagamentos (id, pedido_id, valor, meio, pago_em) VALUES (15,122,495.03,'CARTAO','2024-02-04 00:41:53');
INSERT INTO marketplace.pagamentos (id, pedido_id, valor, meio, pago_em) VALUES (16,33,633.99,'PAYPAL','2025-03-03 13:58:59');
INSERT INTO marketplace.pagamentos (id, pedido_id, valor, meio, pago_em) VALUES (17,183,305.34,'BOLETO','2024-10-11 06:57:31');
INSERT INTO marketplace.pagamentos (id, pedido_id, valor, meio, pago_em) VALUES (18,115,308.21,'PAYPAL','2024-02-22 14:10:40');
INSERT INTO marketplace.pagamentos (id, pedido_id, valor, meio, pago_em) VALUES (19,124,346.42,'PIX','2024-05-09 15:53:46');
INSERT INTO marketplace.pagamentos (id, pedido_id, valor, meio, pago_em) VALUES (20,154,411.24,'CARTAO','2024-08-12 23:35:09');
INSERT INTO marketplace.pagamentos (id, pedido_id, valor, meio, pago_em) VALUES (21,12,239.4,'CARTAO','2025-07-29 07:55:55');
INSERT INTO marketplace.pagamentos (id, pedido_id, valor, meio, pago_em) VALUES (22,102,1015.65,'PIX','2024-05-08 13:28:59');
INSERT INTO marketplace.pagamentos (id, pedido_id, valor, meio, pago_em) VALUES (23,113,77.88,'PAYPAL','2024-11-07 08:21:58');
INSERT INTO marketplace.pagamentos (id, pedido_id, valor, meio, pago_em) VALUES (24,156,150.32,'PIX','2024-05-04 06:40:23');
INSERT INTO marketplace.pagamentos (id, pedido_id, valor, meio, pago_em) VALUES (25,147,1595.1,'PIX','2025-09-06 02:43:33');
INSERT INTO marketplace.pagamentos (id, pedido_id, valor, meio, pago_em) VALUES (26,132,217.74,'BOLETO','2024-08-23 15:58:31');
INSERT INTO marketplace.pagamentos (id, pedido_id, valor, meio, pago_em) VALUES (27,57,193.41,'BOLETO','2025-03-04 20:50:21');
INSERT INTO marketplace.pagamentos (id, pedido_id, valor, meio, pago_em) VALUES (28,31,51.06,'CARTAO','2024-08-14 16:21:12');
INSERT INTO marketplace.pagamentos (id, pedido_id, valor, meio, pago_em) VALUES (29,11,809.94,'BOLETO','2024-04-13 06:45:59');
INSERT INTO marketplace.pagamentos (id, pedido_id, valor, meio, pago_em) VALUES (30,70,219.61,'CARTAO','2024-06-12 02:10:08');
INSERT INTO marketplace.pagamentos (id, pedido_id, valor, meio, pago_em) VALUES (31,137,75.77,'BOLETO','2024-09-09 02:16:18');
INSERT INTO marketplace.pagamentos (id, pedido_id, valor, meio, pago_em) VALUES (32,22,3279.77,'CARTAO','2024-11-13 04:03:46');
INSERT INTO marketplace.pagamentos (id, pedido_id, valor, meio, pago_em) VALUES (33,157,80.78,'PIX','2024-10-03 02:41:10');
INSERT INTO marketplace.pagamentos (id, pedido_id, valor, meio, pago_em) VALUES (34,57,193.41,'CARTAO','2024-07-17 19:56:50');
INSERT INTO marketplace.pagamentos (id, pedido_id, valor, meio, pago_em) VALUES (35,5,138.97,'PAYPAL','2025-05-22 20:10:34');
INSERT INTO marketplace.pagamentos (id, pedido_id, valor, meio, pago_em) VALUES (36,66,1094.15,'PAYPAL','2024-06-20 09:00:35');
INSERT INTO marketplace.pagamentos (id, pedido_id, valor, meio, pago_em) VALUES (37,84,846.09,'CARTAO','2025-03-27 18:59:56');
INSERT INTO marketplace.pagamentos (id, pedido_id, valor, meio, pago_em) VALUES (38,162,600.0,'CARTAO','2024-12-12 11:05:05');
INSERT INTO marketplace.pagamentos (id, pedido_id, valor, meio, pago_em) VALUES (39,60,370.31,'BOLETO','2024-04-25 05:08:58');
INSERT INTO marketplace.pagamentos (id, pedido_id, valor, meio, pago_em) VALUES (40,123,311.76,'PAYPAL','2024-05-20 23:39:27');
INSERT INTO marketplace.pagamentos (id, pedido_id, valor, meio, pago_em) VALUES (41,118,108.81,'CARTAO','2025-03-18 11:11:40');
INSERT INTO marketplace.pagamentos (id, pedido_id, valor, meio, pago_em) VALUES (42,126,1154.68,'BOLETO','2024-01-17 08:21:00');
INSERT INTO marketplace.pagamentos (id, pedido_id, valor, meio, pago_em) VALUES (43,80,1066.46,'CARTAO','2025-09-26 23:17:22');
INSERT INTO marketplace.pagamentos (id, pedido_id, valor, meio, pago_em) VALUES (44,101,349.94,'PIX','2024-04-21 11:27:02');
INSERT INTO marketplace.pagamentos (id, pedido_id, valor, meio, pago_em) VALUES (45,19,224.67,'PAYPAL','2024-03-18 20:29:36');
INSERT INTO marketplace.pagamentos (id, pedido_id, valor, meio, pago_em) VALUES (46,186,136.43,'PIX','2024-10-20 12:06:10');
INSERT INTO marketplace.pagamentos (id, pedido_id, valor, meio, pago_em) VALUES (47,99,14.97,'PIX','2024-04-12 15:59:45');
INSERT INTO marketplace.pagamentos (id, pedido_id, valor, meio, pago_em) VALUES (48,64,167.7,'BOLETO','2024-04-20 18:55:13');
INSERT INTO marketplace.pagamentos (id, pedido_id, valor, meio, pago_em) VALUES (49,161,153.91,'PIX','2025-02-25 06:30:45');
INSERT INTO marketplace.pagamentos (id, pedido_id, valor, meio, pago_em) VALUES (50,189,645.76,'PIX','2024-06-06 03:32:55');
INSERT INTO marketplace.pagamentos (id, pedido_id, valor, meio, pago_em) VALUES (51,36,536.0,'PAYPAL','2025-09-25 09:22:04');
INSERT INTO marketplace.pagamentos (id, pedido_id, valor, meio, pago_em) VALUES (52,42,80.3,'BOLETO','2025-01-06 23:29:57');
INSERT INTO marketplace.pagamentos (id, pedido_id, valor, meio, pago_em) VALUES (53,40,1084.65,'PIX','2025-02-26 04:04:01');
INSERT INTO marketplace.pagamentos (id, pedido_id, valor, meio, pago_em) VALUES (54,178,233.32,'PIX','2024-01-17 11:20:38');
INSERT INTO marketplace.pagamentos (id, pedido_id, valor, meio, pago_em) VALUES (55,12,69.35,'PIX','2025-02-01 07:50:30');
INSERT INTO marketplace.pagamentos (id, pedido_id, valor, meio, pago_em) VALUES (56,107,88.08,'PIX','2024-06-25 01:31:51');
INSERT INTO marketplace.pagamentos (id, pedido_id, valor, meio, pago_em) VALUES (57,110,823.15,'CARTAO','2024-10-01 10:10:26');
INSERT INTO marketplace.pagamentos (id, pedido_id, valor, meio, pago_em) VALUES (58,168,798.28,'CARTAO','2025-06-15 14:27:59');
INSERT INTO marketplace.pagamentos (id, pedido_id, valor, meio, pago_em) VALUES (59,99,174.82,'PAYPAL','2024-05-11 16:48:35');
INSERT INTO marketplace.pagamentos (id, pedido_id, valor, meio, pago_em) VALUES (60,29,297.05,'PIX','2024-08-06 21:23:55');
INSERT INTO marketplace.pagamentos (id, pedido_id, valor, meio, pago_em) VALUES (61,92,56.62,'PIX','2024-10-07 00:05:09');
INSERT INTO marketplace.pagamentos (id, pedido_id, valor, meio, pago_em) VALUES (62,22,1639.88,'CARTAO','2024-05-18 07:25:26');
INSERT INTO marketplace.pagamentos (id, pedido_id, valor, meio, pago_em) VALUES (63,110,823.15,'CARTAO','2025-06-11 17:33:17');
INSERT INTO marketplace.pagamentos (id, pedido_id, valor, meio, pago_em) VALUES (64,109,92.11,'BOLETO','2024-09-27 14:22:47');
INSERT INTO marketplace.pagamentos (id, pedido_id, valor, meio, pago_em) VALUES (65,27,150.12,'BOLETO','2024-07-25 03:25:57');
INSERT INTO marketplace.pagamentos (id, pedido_id, valor, meio, pago_em) VALUES (66,183,152.67,'PIX','2024-04-25 10:54:19');
INSERT INTO marketplace.pagamentos (id, pedido_id, valor, meio, pago_em) VALUES (67,200,1120.4,'BOLETO','2024-04-24 18:49:20');
INSERT INTO marketplace.pagamentos (id, pedido_id, valor, meio, pago_em) VALUES (68,100,1216.2,'PAYPAL','2025-09-24 18:10:20');
INSERT INTO marketplace.pagamentos (id, pedido_id, valor, meio, pago_em) VALUES (69,18,74.32,'BOLETO','2024-04-22 08:48:13');
INSERT INTO marketplace.pagamentos (id, pedido_id, valor, meio, pago_em) VALUES (70,24,38.18,'CARTAO','2024-05-21 06:20:45');
INSERT INTO marketplace.pagamentos (id, pedido_id, valor, meio, pago_em) VALUES (71,197,937.57,'BOLETO','2024-09-05 00:28:39');
INSERT INTO marketplace.pagamentos (id, pedido_id, valor, meio, pago_em) VALUES (72,127,1168.12,'PAYPAL','2025-06-22 14:18:04');
INSERT INTO marketplace.pagamentos (id, pedido_id, valor, meio, pago_em) VALUES (73,106,45.88,'CARTAO','2025-09-15 00:59:26');
INSERT INTO marketplace.pagamentos (id, pedido_id, valor, meio, pago_em) VALUES (74,168,798.28,'PAYPAL','2024-11-21 04:22:52');
INSERT INTO marketplace.pagamentos (id, pedido_id, valor, meio, pago_em) VALUES (75,141,133.34,'PAYPAL','2025-02-17 14:02:34');
INSERT INTO marketplace.pagamentos (id, pedido_id, valor, meio, pago_em) VALUES (76,138,793.97,'PAYPAL','2024-03-05 22:44:50');
INSERT INTO marketplace.pagamentos (id, pedido_id, valor, meio, pago_em) VALUES (77,149,363.16,'PIX','2024-07-01 16:18:59');
INSERT INTO marketplace.pagamentos (id, pedido_id, valor, meio, pago_em) VALUES (78,93,439.04,'CARTAO','2024-01-14 07:47:09');
INSERT INTO marketplace.pagamentos (id, pedido_id, valor, meio, pago_em) VALUES (79,93,878.08,'CARTAO','2024-03-26 13:27:45');
INSERT INTO marketplace.pagamentos (id, pedido_id, valor, meio, pago_em) VALUES (80,16,457.45,'CARTAO','2024-08-16 21:33:20');
INSERT INTO marketplace.pagamentos (id, pedido_id, valor, meio, pago_em) VALUES (81,118,89.19,'CARTAO','2024-06-12 16:25:45');
INSERT INTO marketplace.pagamentos (id, pedido_id, valor, meio, pago_em) VALUES (82,58,103.69,'CARTAO','2024-04-01 01:26:01');
INSERT INTO marketplace.pagamentos (id, pedido_id, valor, meio, pago_em) VALUES (83,179,357.9,'PIX','2025-06-24 16:39:52');
INSERT INTO marketplace.pagamentos (id, pedido_id, valor, meio, pago_em) VALUES (84,109,99.2,'PIX','2025-01-05 08:41:29');
INSERT INTO marketplace.pagamentos (id, pedido_id, valor, meio, pago_em) VALUES (85,153,218.91,'CARTAO','2024-10-10 16:38:44');
INSERT INTO marketplace.pagamentos (id, pedido_id, valor, meio, pago_em) VALUES (86,37,232.37,'CARTAO','2024-02-29 20:36:04');
INSERT INTO marketplace.pagamentos (id, pedido_id, valor, meio, pago_em) VALUES (87,4,293.21,'CARTAO','2025-08-17 12:25:12');
INSERT INTO marketplace.pagamentos (id, pedido_id, valor, meio, pago_em) VALUES (88,47,1195.45,'CARTAO','2025-08-04 01:43:39');
INSERT INTO marketplace.pagamentos (id, pedido_id, valor, meio, pago_em) VALUES (89,136,333.39,'PAYPAL','2024-11-15 15:20:06');
INSERT INTO marketplace.pagamentos (id, pedido_id, valor, meio, pago_em) VALUES (90,185,90.96,'BOLETO','2024-03-27 10:09:39');
INSERT INTO marketplace.pagamentos (id, pedido_id, valor, meio, pago_em) VALUES (91,40,542.33,'PIX','2025-04-14 06:36:43');
INSERT INTO marketplace.pagamentos (id, pedido_id, valor, meio, pago_em) VALUES (92,193,103.32,'PIX','2024-11-03 21:15:28');
INSERT INTO marketplace.pagamentos (id, pedido_id, valor, meio, pago_em) VALUES (93,109,346.35,'BOLETO','2025-03-20 08:04:01');
INSERT INTO marketplace.pagamentos (id, pedido_id, valor, meio, pago_em) VALUES (94,129,964.3,'CARTAO','2024-11-25 01:47:09');
INSERT INTO marketplace.pagamentos (id, pedido_id, valor, meio, pago_em) VALUES (95,41,75.24,'PAYPAL','2024-04-07 04:39:17');
INSERT INTO marketplace.pagamentos (id, pedido_id, valor, meio, pago_em) VALUES (96,191,2233.89,'PAYPAL','2025-04-25 19:48:43');
INSERT INTO marketplace.pagamentos (id, pedido_id, valor, meio, pago_em) VALUES (97,15,58.39,'PAYPAL','2024-05-22 16:18:00');
INSERT INTO marketplace.pagamentos (id, pedido_id, valor, meio, pago_em) VALUES (98,191,1116.94,'PAYPAL','2025-01-05 19:41:03');
INSERT INTO marketplace.pagamentos (id, pedido_id, valor, meio, pago_em) VALUES (99,81,855.85,'PAYPAL','2024-05-08 00:32:55');
INSERT INTO marketplace.pagamentos (id, pedido_id, valor, meio, pago_em) VALUES (100,14,1724.98,'PAYPAL','2024-05-31 06:02:28');
INSERT INTO marketplace.pagamentos (id, pedido_id, valor, meio, pago_em) VALUES (101,70,36.02,'BOLETO','2025-04-13 12:16:46');
INSERT INTO marketplace.pagamentos (id, pedido_id, valor, meio, pago_em) VALUES (102,200,1120.4,'PIX','2024-07-05 01:09:40');
INSERT INTO marketplace.pagamentos (id, pedido_id, valor, meio, pago_em) VALUES (103,73,49.06,'PIX','2024-06-13 14:17:15');
INSERT INTO marketplace.pagamentos (id, pedido_id, valor, meio, pago_em) VALUES (104,153,25.27,'CARTAO','2025-03-04 12:16:21');
INSERT INTO marketplace.pagamentos (id, pedido_id, valor, meio, pago_em) VALUES (105,52,21.8,'CARTAO','2024-07-28 01:39:19');
INSERT INTO marketplace.pagamentos (id, pedido_id, valor, meio, pago_em) VALUES (106,22,1639.88,'PAYPAL','2024-02-05 11:32:54');
INSERT INTO marketplace.pagamentos (id, pedido_id, valor, meio, pago_em) VALUES (107,13,290.52,'PIX','2024-08-27 16:48:41');
INSERT INTO marketplace.pagamentos (id, pedido_id, valor, meio, pago_em) VALUES (108,3,1240.28,'BOLETO','2024-11-05 05:48:00');
INSERT INTO marketplace.pagamentos (id, pedido_id, valor, meio, pago_em) VALUES (109,129,964.3,'BOLETO','2025-08-06 23:21:20');
INSERT INTO marketplace.pagamentos (id, pedido_id, valor, meio, pago_em) VALUES (110,101,368.33,'PIX','2024-09-14 08:13:07');
INSERT INTO marketplace.pagamentos (id, pedido_id, valor, meio, pago_em) VALUES (111,105,287.23,'CARTAO','2024-01-19 09:31:34');
INSERT INTO marketplace.pagamentos (id, pedido_id, valor, meio, pago_em) VALUES (112,151,402.11,'PIX','2024-08-13 08:13:02');
INSERT INTO marketplace.pagamentos (id, pedido_id, valor, meio, pago_em) VALUES (113,42,80.3,'PAYPAL','2024-03-02 04:03:34');
INSERT INTO marketplace.pagamentos (id, pedido_id, valor, meio, pago_em) VALUES (114,161,64.78,'CARTAO','2025-09-19 04:26:39');
INSERT INTO marketplace.pagamentos (id, pedido_id, valor, meio, pago_em) VALUES (115,175,516.57,'CARTAO','2025-01-24 14:52:22');
INSERT INTO marketplace.pagamentos (id, pedido_id, valor, meio, pago_em) VALUES (116,133,1089.85,'PAYPAL','2025-09-02 00:01:11');
INSERT INTO marketplace.pagamentos (id, pedido_id, valor, meio, pago_em) VALUES (117,34,445.39,'BOLETO','2024-10-06 20:47:01');
INSERT INTO marketplace.pagamentos (id, pedido_id, valor, meio, pago_em) VALUES (118,160,293.76,'PIX','2025-07-07 14:51:20');
INSERT INTO marketplace.pagamentos (id, pedido_id, valor, meio, pago_em) VALUES (119,199,442.08,'CARTAO','2024-06-11 04:41:55');
INSERT INTO marketplace.pagamentos (id, pedido_id, valor, meio, pago_em) VALUES (120,157,311.3,'PAYPAL','2024-03-16 15:46:48');
INSERT INTO marketplace.pagamentos (id, pedido_id, valor, meio, pago_em) VALUES (121,4,88.46,'PIX','2025-01-22 12:23:55');
INSERT INTO marketplace.pagamentos (id, pedido_id, valor, meio, pago_em) VALUES (122,25,293.42,'BOLETO','2024-05-11 19:45:57');
INSERT INTO marketplace.pagamentos (id, pedido_id, valor, meio, pago_em) VALUES (123,76,1558.1,'PIX','2024-08-05 13:45:55');
INSERT INTO marketplace.pagamentos (id, pedido_id, valor, meio, pago_em) VALUES (124,148,819.15,'BOLETO','2024-03-10 07:21:13');
INSERT INTO marketplace.pagamentos (id, pedido_id, valor, meio, pago_em) VALUES (125,19,106.01,'BOLETO','2025-01-02 14:13:24');
INSERT INTO marketplace.pagamentos (id, pedido_id, valor, meio, pago_em) VALUES (126,66,1094.15,'CARTAO','2024-04-06 06:53:52');
INSERT INTO marketplace.pagamentos (id, pedido_id, valor, meio, pago_em) VALUES (127,146,254.36,'BOLETO','2024-11-07 10:02:55');
INSERT INTO marketplace.pagamentos (id, pedido_id, valor, meio, pago_em) VALUES (128,105,574.45,'PAYPAL','2024-10-11 20:23:05');
INSERT INTO marketplace.pagamentos (id, pedido_id, valor, meio, pago_em) VALUES (129,132,217.74,'BOLETO','2024-03-05 20:22:35');
INSERT INTO marketplace.pagamentos (id, pedido_id, valor, meio, pago_em) VALUES (130,175,516.57,'PAYPAL','2024-07-23 03:27:30');
INSERT INTO marketplace.pagamentos (id, pedido_id, valor, meio, pago_em) VALUES (131,175,258.28,'PIX','2025-07-29 14:02:04');
INSERT INTO marketplace.pagamentos (id, pedido_id, valor, meio, pago_em) VALUES (132,63,177.94,'CARTAO','2024-03-22 18:53:49');
INSERT INTO marketplace.pagamentos (id, pedido_id, valor, meio, pago_em) VALUES (133,75,200.39,'PIX','2024-06-22 05:58:38');
INSERT INTO marketplace.pagamentos (id, pedido_id, valor, meio, pago_em) VALUES (134,100,1216.2,'PIX','2024-09-28 00:40:30');
INSERT INTO marketplace.pagamentos (id, pedido_id, valor, meio, pago_em) VALUES (135,120,244.87,'PIX','2024-03-07 15:50:53');
INSERT INTO marketplace.pagamentos (id, pedido_id, valor, meio, pago_em) VALUES (136,47,597.73,'PAYPAL','2025-08-19 16:35:46');
INSERT INTO marketplace.pagamentos (id, pedido_id, valor, meio, pago_em) VALUES (137,111,115.75,'PIX','2024-09-03 10:37:06');
INSERT INTO marketplace.pagamentos (id, pedido_id, valor, meio, pago_em) VALUES (138,88,2020.0,'CARTAO','2025-06-29 11:39:00');
INSERT INTO marketplace.pagamentos (id, pedido_id, valor, meio, pago_em) VALUES (139,190,523.12,'PIX','2024-08-04 05:17:14');
INSERT INTO marketplace.pagamentos (id, pedido_id, valor, meio, pago_em) VALUES (140,117,38.38,'PAYPAL','2024-04-23 00:34:25');
INSERT INTO marketplace.pagamentos (id, pedido_id, valor, meio, pago_em) VALUES (141,164,413.8,'BOLETO','2025-03-17 08:08:17');
INSERT INTO marketplace.pagamentos (id, pedido_id, valor, meio, pago_em) VALUES (142,9,494.15,'PIX','2025-09-20 00:09:30');
INSERT INTO marketplace.pagamentos (id, pedido_id, valor, meio, pago_em) VALUES (143,93,878.08,'PAYPAL','2024-06-14 18:27:09');
INSERT INTO marketplace.pagamentos (id, pedido_id, valor, meio, pago_em) VALUES (144,14,1724.98,'PIX','2025-08-12 05:38:04');
INSERT INTO marketplace.pagamentos (id, pedido_id, valor, meio, pago_em) VALUES (145,176,764.7,'BOLETO','2024-07-14 18:56:57');
INSERT INTO marketplace.pagamentos (id, pedido_id, valor, meio, pago_em) VALUES (146,163,792.56,'PIX','2024-04-20 02:11:09');
INSERT INTO marketplace.pagamentos (id, pedido_id, valor, meio, pago_em) VALUES (147,18,75.73,'BOLETO','2025-07-07 04:29:42');
INSERT INTO marketplace.pagamentos (id, pedido_id, valor, meio, pago_em) VALUES (148,116,438.22,'BOLETO','2024-05-22 23:28:04');
INSERT INTO marketplace.pagamentos (id, pedido_id, valor, meio, pago_em) VALUES (149,14,862.49,'PAYPAL','2024-09-22 15:41:56');
INSERT INTO marketplace.pagamentos (id, pedido_id, valor, meio, pago_em) VALUES (150,193,162.51,'BOLETO','2024-11-21 12:36:37');
INSERT INTO marketplace.pagamentos (id, pedido_id, valor, meio, pago_em) VALUES (151,124,346.42,'CARTAO','2025-06-25 03:14:40');
INSERT INTO marketplace.pagamentos (id, pedido_id, valor, meio, pago_em) VALUES (152,112,410.65,'PAYPAL','2024-01-08 17:08:12');
INSERT INTO marketplace.pagamentos (id, pedido_id, valor, meio, pago_em) VALUES (153,144,404.5,'PIX','2025-07-15 08:32:45');
INSERT INTO marketplace.pagamentos (id, pedido_id, valor, meio, pago_em) VALUES (154,171,290.52,'BOLETO','2025-05-30 19:01:49');
INSERT INTO marketplace.pagamentos (id, pedido_id, valor, meio, pago_em) VALUES (155,188,1260.93,'PIX','2024-04-26 21:38:25');
INSERT INTO marketplace.pagamentos (id, pedido_id, valor, meio, pago_em) VALUES (156,118,468.23,'BOLETO','2024-03-29 05:47:08');
INSERT INTO marketplace.pagamentos (id, pedido_id, valor, meio, pago_em) VALUES (157,173,135.01,'BOLETO','2025-02-08 10:23:48');
INSERT INTO marketplace.pagamentos (id, pedido_id, valor, meio, pago_em) VALUES (158,185,21.76,'CARTAO','2025-05-07 16:04:46');
INSERT INTO marketplace.pagamentos (id, pedido_id, valor, meio, pago_em) VALUES (159,116,163.34,'PIX','2024-06-18 19:25:25');
INSERT INTO marketplace.pagamentos (id, pedido_id, valor, meio, pago_em) VALUES (160,191,2233.89,'PAYPAL','2025-06-24 22:41:45');
INSERT INTO marketplace.pagamentos (id, pedido_id, valor, meio, pago_em) VALUES (161,140,389.52,'PAYPAL','2024-06-16 21:05:27');
INSERT INTO marketplace.pagamentos (id, pedido_id, valor, meio, pago_em) VALUES (162,90,3235.87,'CARTAO','2025-06-11 21:11:19');
INSERT INTO marketplace.pagamentos (id, pedido_id, valor, meio, pago_em) VALUES (163,148,409.57,'BOLETO','2025-09-24 01:56:47');
INSERT INTO marketplace.pagamentos (id, pedido_id, valor, meio, pago_em) VALUES (164,94,27.77,'PIX','2025-06-27 04:12:59');
INSERT INTO marketplace.pagamentos (id, pedido_id, valor, meio, pago_em) VALUES (165,128,249.6,'PAYPAL','2024-11-14 18:09:52');
INSERT INTO marketplace.pagamentos (id, pedido_id, valor, meio, pago_em) VALUES (166,91,1802.46,'PAYPAL','2025-02-10 08:35:32');
INSERT INTO marketplace.pagamentos (id, pedido_id, valor, meio, pago_em) VALUES (167,196,181.2,'PAYPAL','2024-11-28 17:38:57');
INSERT INTO marketplace.pagamentos (id, pedido_id, valor, meio, pago_em) VALUES (168,96,178.24,'CARTAO','2025-02-25 13:50:00');
INSERT INTO marketplace.pagamentos (id, pedido_id, valor, meio, pago_em) VALUES (169,112,410.65,'BOLETO','2025-05-27 07:56:22');
INSERT INTO marketplace.pagamentos (id, pedido_id, valor, meio, pago_em) VALUES (170,177,219.37,'BOLETO','2025-06-29 07:57:18');
INSERT INTO marketplace.pagamentos (id, pedido_id, valor, meio, pago_em) VALUES (171,159,121.44,'PIX','2025-09-17 23:48:21');
INSERT INTO marketplace.pagamentos (id, pedido_id, valor, meio, pago_em) VALUES (172,27,31.52,'PAYPAL','2024-03-21 12:38:51');
INSERT INTO marketplace.pagamentos (id, pedido_id, valor, meio, pago_em) VALUES (173,128,124.8,'PAYPAL','2025-01-25 23:20:19');
INSERT INTO marketplace.pagamentos (id, pedido_id, valor, meio, pago_em) VALUES (174,149,406.82,'PAYPAL','2024-06-13 13:33:50');
INSERT INTO marketplace.pagamentos (id, pedido_id, valor, meio, pago_em) VALUES (175,58,207.38,'PAYPAL','2024-03-29 22:27:19');
INSERT INTO marketplace.pagamentos (id, pedido_id, valor, meio, pago_em) VALUES (176,51,215.52,'BOLETO','2025-09-08 12:35:42');
INSERT INTO marketplace.pagamentos (id, pedido_id, valor, meio, pago_em) VALUES (177,119,218.21,'PIX','2024-10-17 23:51:59');
INSERT INTO marketplace.pagamentos (id, pedido_id, valor, meio, pago_em) VALUES (178,58,207.38,'BOLETO','2025-05-26 14:43:10');
INSERT INTO marketplace.pagamentos (id, pedido_id, valor, meio, pago_em) VALUES (179,68,167.55,'CARTAO','2024-01-04 05:30:08');
INSERT INTO marketplace.pagamentos (id, pedido_id, valor, meio, pago_em) VALUES (180,107,17.84,'CARTAO','2025-09-06 00:10:36');
INSERT INTO marketplace.pagamentos (id, pedido_id, valor, meio, pago_em) VALUES (181,96,178.24,'BOLETO','2024-05-12 08:41:11');
INSERT INTO marketplace.pagamentos (id, pedido_id, valor, meio, pago_em) VALUES (182,147,1595.1,'CARTAO','2025-03-07 15:44:11');
INSERT INTO marketplace.pagamentos (id, pedido_id, valor, meio, pago_em) VALUES (183,101,112.48,'PIX','2025-09-14 09:54:16');
INSERT INTO marketplace.pagamentos (id, pedido_id, valor, meio, pago_em) VALUES (184,148,819.15,'CARTAO','2025-05-09 04:59:51');
INSERT INTO marketplace.pagamentos (id, pedido_id, valor, meio, pago_em) VALUES (185,100,1216.2,'PAYPAL','2024-09-04 02:16:43');
INSERT INTO marketplace.pagamentos (id, pedido_id, valor, meio, pago_em) VALUES (186,133,1089.85,'PAYPAL','2024-06-28 09:35:01');
INSERT INTO marketplace.pagamentos (id, pedido_id, valor, meio, pago_em) VALUES (187,26,360.81,'PIX','2025-05-05 10:54:52');
INSERT INTO marketplace.pagamentos (id, pedido_id, valor, meio, pago_em) VALUES (188,148,819.15,'BOLETO','2025-03-05 10:54:20');
INSERT INTO marketplace.pagamentos (id, pedido_id, valor, meio, pago_em) VALUES (189,41,475.38,'PIX','2024-03-13 10:35:35');
INSERT INTO marketplace.pagamentos (id, pedido_id, valor, meio, pago_em) VALUES (190,7,229.96,'PIX','2025-04-25 02:12:44');
INSERT INTO marketplace.pagamentos (id, pedido_id, valor, meio, pago_em) VALUES (191,182,23.23,'PAYPAL','2024-01-20 15:26:14');
INSERT INTO marketplace.pagamentos (id, pedido_id, valor, meio, pago_em) VALUES (192,191,2233.89,'PAYPAL','2025-05-07 19:15:01');
INSERT INTO marketplace.pagamentos (id, pedido_id, valor, meio, pago_em) VALUES (193,162,600.0,'CARTAO','2024-07-05 04:44:23');
INSERT INTO marketplace.pagamentos (id, pedido_id, valor, meio, pago_em) VALUES (194,168,798.28,'BOLETO','2024-05-30 13:13:58');
INSERT INTO marketplace.pagamentos (id, pedido_id, valor, meio, pago_em) VALUES (195,138,793.97,'PAYPAL','2025-08-21 09:08:24');
INSERT INTO marketplace.pagamentos (id, pedido_id, valor, meio, pago_em) VALUES (196,67,160.16,'BOLETO','2024-03-05 10:32:57');
INSERT INTO marketplace.pagamentos (id, pedido_id, valor, meio, pago_em) VALUES (197,37,232.37,'PIX','2024-03-27 03:54:48');
INSERT INTO marketplace.pagamentos (id, pedido_id, valor, meio, pago_em) VALUES (198,118,232.53,'PIX','2024-04-20 04:00:11');
INSERT INTO marketplace.pagamentos (id, pedido_id, valor, meio, pago_em) VALUES (199,73,145.76,'PIX','2024-03-01 02:29:39');
INSERT INTO marketplace.pagamentos (id, pedido_id, valor, meio, pago_em) VALUES (200,127,1168.12,'CARTAO','2024-10-30 13:02:38');

create table marketplace.dias(
  dia date primary key
);

INSERT INTO marketplace.dias (dia) VALUES ('2025-01-01');
INSERT INTO marketplace.dias (dia) VALUES ('2025-01-02');
INSERT INTO marketplace.dias (dia) VALUES ('2025-01-03');
INSERT INTO marketplace.dias (dia) VALUES ('2025-01-04');
INSERT INTO marketplace.dias (dia) VALUES ('2025-01-05');
INSERT INTO marketplace.dias (dia) VALUES ('2025-01-06');
INSERT INTO marketplace.dias (dia) VALUES ('2025-01-07');
INSERT INTO marketplace.dias (dia) VALUES ('2025-01-08');
INSERT INTO marketplace.dias (dia) VALUES ('2025-01-09');
INSERT INTO marketplace.dias (dia) VALUES ('2025-01-10');
INSERT INTO marketplace.dias (dia) VALUES ('2025-01-11');
INSERT INTO marketplace.dias (dia) VALUES ('2025-01-12');
INSERT INTO marketplace.dias (dia) VALUES ('2025-01-13');
INSERT INTO marketplace.dias (dia) VALUES ('2025-01-14');
INSERT INTO marketplace.dias (dia) VALUES ('2025-01-15');
INSERT INTO marketplace.dias (dia) VALUES ('2025-01-16');
INSERT INTO marketplace.dias (dia) VALUES ('2025-01-17');
INSERT INTO marketplace.dias (dia) VALUES ('2025-01-18');
INSERT INTO marketplace.dias (dia) VALUES ('2025-01-19');
INSERT INTO marketplace.dias (dia) VALUES ('2025-01-20');
INSERT INTO marketplace.dias (dia) VALUES ('2025-01-21');
INSERT INTO marketplace.dias (dia) VALUES ('2025-01-22');
INSERT INTO marketplace.dias (dia) VALUES ('2025-01-23');
INSERT INTO marketplace.dias (dia) VALUES ('2025-01-24');
INSERT INTO marketplace.dias (dia) VALUES ('2025-01-25');
INSERT INTO marketplace.dias (dia) VALUES ('2025-01-26');
INSERT INTO marketplace.dias (dia) VALUES ('2025-01-27');
INSERT INTO marketplace.dias (dia) VALUES ('2025-01-28');
INSERT INTO marketplace.dias (dia) VALUES ('2025-01-29');
INSERT INTO marketplace.dias (dia) VALUES ('2025-01-30');
INSERT INTO marketplace.dias (dia) VALUES ('2025-01-31');
INSERT INTO marketplace.dias (dia) VALUES ('2025-02-01');
INSERT INTO marketplace.dias (dia) VALUES ('2025-02-02');
INSERT INTO marketplace.dias (dia) VALUES ('2025-02-03');
INSERT INTO marketplace.dias (dia) VALUES ('2025-02-04');
INSERT INTO marketplace.dias (dia) VALUES ('2025-02-05');
INSERT INTO marketplace.dias (dia) VALUES ('2025-02-06');
INSERT INTO marketplace.dias (dia) VALUES ('2025-02-07');
INSERT INTO marketplace.dias (dia) VALUES ('2025-02-08');
INSERT INTO marketplace.dias (dia) VALUES ('2025-02-09');
INSERT INTO marketplace.dias (dia) VALUES ('2025-02-10');
INSERT INTO marketplace.dias (dia) VALUES ('2025-02-11');
INSERT INTO marketplace.dias (dia) VALUES ('2025-02-12');
INSERT INTO marketplace.dias (dia) VALUES ('2025-02-13');
INSERT INTO marketplace.dias (dia) VALUES ('2025-02-14');
INSERT INTO marketplace.dias (dia) VALUES ('2025-02-15');
INSERT INTO marketplace.dias (dia) VALUES ('2025-02-16');
INSERT INTO marketplace.dias (dia) VALUES ('2025-02-17');
INSERT INTO marketplace.dias (dia) VALUES ('2025-02-18');
INSERT INTO marketplace.dias (dia) VALUES ('2025-02-19');
INSERT INTO marketplace.dias (dia) VALUES ('2025-02-20');
INSERT INTO marketplace.dias (dia) VALUES ('2025-02-21');
INSERT INTO marketplace.dias (dia) VALUES ('2025-02-22');
INSERT INTO marketplace.dias (dia) VALUES ('2025-02-23');
INSERT INTO marketplace.dias (dia) VALUES ('2025-02-24');
INSERT INTO marketplace.dias (dia) VALUES ('2025-02-25');
INSERT INTO marketplace.dias (dia) VALUES ('2025-02-26');
INSERT INTO marketplace.dias (dia) VALUES ('2025-02-27');
INSERT INTO marketplace.dias (dia) VALUES ('2025-02-28');
INSERT INTO marketplace.dias (dia) VALUES ('2025-03-01');
INSERT INTO marketplace.dias (dia) VALUES ('2025-03-02');
INSERT INTO marketplace.dias (dia) VALUES ('2025-03-03');
INSERT INTO marketplace.dias (dia) VALUES ('2025-03-04');
INSERT INTO marketplace.dias (dia) VALUES ('2025-03-05');
INSERT INTO marketplace.dias (dia) VALUES ('2025-03-06');
INSERT INTO marketplace.dias (dia) VALUES ('2025-03-07');
INSERT INTO marketplace.dias (dia) VALUES ('2025-03-08');
INSERT INTO marketplace.dias (dia) VALUES ('2025-03-09');
INSERT INTO marketplace.dias (dia) VALUES ('2025-03-10');
INSERT INTO marketplace.dias (dia) VALUES ('2025-03-11');
INSERT INTO marketplace.dias (dia) VALUES ('2025-03-12');
INSERT INTO marketplace.dias (dia) VALUES ('2025-03-13');
INSERT INTO marketplace.dias (dia) VALUES ('2025-03-14');
INSERT INTO marketplace.dias (dia) VALUES ('2025-03-15');
INSERT INTO marketplace.dias (dia) VALUES ('2025-03-16');
INSERT INTO marketplace.dias (dia) VALUES ('2025-03-17');
INSERT INTO marketplace.dias (dia) VALUES ('2025-03-18');
INSERT INTO marketplace.dias (dia) VALUES ('2025-03-19');
INSERT INTO marketplace.dias (dia) VALUES ('2025-03-20');
INSERT INTO marketplace.dias (dia) VALUES ('2025-03-21');
INSERT INTO marketplace.dias (dia) VALUES ('2025-03-22');
INSERT INTO marketplace.dias (dia) VALUES ('2025-03-23');
INSERT INTO marketplace.dias (dia) VALUES ('2025-03-24');
INSERT INTO marketplace.dias (dia) VALUES ('2025-03-25');
INSERT INTO marketplace.dias (dia) VALUES ('2025-03-26');
INSERT INTO marketplace.dias (dia) VALUES ('2025-03-27');
INSERT INTO marketplace.dias (dia) VALUES ('2025-03-28');
INSERT INTO marketplace.dias (dia) VALUES ('2025-03-29');
INSERT INTO marketplace.dias (dia) VALUES ('2025-03-30');
INSERT INTO marketplace.dias (dia) VALUES ('2025-03-31');
INSERT INTO marketplace.dias (dia) VALUES ('2025-04-01');
INSERT INTO marketplace.dias (dia) VALUES ('2025-04-02');
INSERT INTO marketplace.dias (dia) VALUES ('2025-04-03');
INSERT INTO marketplace.dias (dia) VALUES ('2025-04-04');
INSERT INTO marketplace.dias (dia) VALUES ('2025-04-05');
INSERT INTO marketplace.dias (dia) VALUES ('2025-04-06');
INSERT INTO marketplace.dias (dia) VALUES ('2025-04-07');
INSERT INTO marketplace.dias (dia) VALUES ('2025-04-08');
INSERT INTO marketplace.dias (dia) VALUES ('2025-04-09');
INSERT INTO marketplace.dias (dia) VALUES ('2025-04-10');
INSERT INTO marketplace.dias (dia) VALUES ('2025-04-11');
INSERT INTO marketplace.dias (dia) VALUES ('2025-04-12');
INSERT INTO marketplace.dias (dia) VALUES ('2025-04-13');
INSERT INTO marketplace.dias (dia) VALUES ('2025-04-14');
INSERT INTO marketplace.dias (dia) VALUES ('2025-04-15');
INSERT INTO marketplace.dias (dia) VALUES ('2025-04-16');
INSERT INTO marketplace.dias (dia) VALUES ('2025-04-17');
INSERT INTO marketplace.dias (dia) VALUES ('2025-04-18');
INSERT INTO marketplace.dias (dia) VALUES ('2025-04-19');
INSERT INTO marketplace.dias (dia) VALUES ('2025-04-20');
INSERT INTO marketplace.dias (dia) VALUES ('2025-04-21');
INSERT INTO marketplace.dias (dia) VALUES ('2025-04-22');
INSERT INTO marketplace.dias (dia) VALUES ('2025-04-23');
INSERT INTO marketplace.dias (dia) VALUES ('2025-04-24');
INSERT INTO marketplace.dias (dia) VALUES ('2025-04-25');
INSERT INTO marketplace.dias (dia) VALUES ('2025-04-26');
INSERT INTO marketplace.dias (dia) VALUES ('2025-04-27');
INSERT INTO marketplace.dias (dia) VALUES ('2025-04-28');
INSERT INTO marketplace.dias (dia) VALUES ('2025-04-29');
INSERT INTO marketplace.dias (dia) VALUES ('2025-04-30');
INSERT INTO marketplace.dias (dia) VALUES ('2025-05-01');
INSERT INTO marketplace.dias (dia) VALUES ('2025-05-02');
INSERT INTO marketplace.dias (dia) VALUES ('2025-05-03');
INSERT INTO marketplace.dias (dia) VALUES ('2025-05-04');
INSERT INTO marketplace.dias (dia) VALUES ('2025-05-05');
INSERT INTO marketplace.dias (dia) VALUES ('2025-05-06');
INSERT INTO marketplace.dias (dia) VALUES ('2025-05-07');
INSERT INTO marketplace.dias (dia) VALUES ('2025-05-08');
INSERT INTO marketplace.dias (dia) VALUES ('2025-05-09');
INSERT INTO marketplace.dias (dia) VALUES ('2025-05-10');
INSERT INTO marketplace.dias (dia) VALUES ('2025-05-11');
INSERT INTO marketplace.dias (dia) VALUES ('2025-05-12');
INSERT INTO marketplace.dias (dia) VALUES ('2025-05-13');
INSERT INTO marketplace.dias (dia) VALUES ('2025-05-14');
INSERT INTO marketplace.dias (dia) VALUES ('2025-05-15');
INSERT INTO marketplace.dias (dia) VALUES ('2025-05-16');
INSERT INTO marketplace.dias (dia) VALUES ('2025-05-17');
INSERT INTO marketplace.dias (dia) VALUES ('2025-05-18');
INSERT INTO marketplace.dias (dia) VALUES ('2025-05-19');
INSERT INTO marketplace.dias (dia) VALUES ('2025-05-20');
INSERT INTO marketplace.dias (dia) VALUES ('2025-05-21');
INSERT INTO marketplace.dias (dia) VALUES ('2025-05-22');
INSERT INTO marketplace.dias (dia) VALUES ('2025-05-23');
INSERT INTO marketplace.dias (dia) VALUES ('2025-05-24');
INSERT INTO marketplace.dias (dia) VALUES ('2025-05-25');
INSERT INTO marketplace.dias (dia) VALUES ('2025-05-26');
INSERT INTO marketplace.dias (dia) VALUES ('2025-05-27');
INSERT INTO marketplace.dias (dia) VALUES ('2025-05-28');
INSERT INTO marketplace.dias (dia) VALUES ('2025-05-29');
INSERT INTO marketplace.dias (dia) VALUES ('2025-05-30');
INSERT INTO marketplace.dias (dia) VALUES ('2025-05-31');
INSERT INTO marketplace.dias (dia) VALUES ('2025-06-01');
INSERT INTO marketplace.dias (dia) VALUES ('2025-06-02');
INSERT INTO marketplace.dias (dia) VALUES ('2025-06-03');
INSERT INTO marketplace.dias (dia) VALUES ('2025-06-04');
INSERT INTO marketplace.dias (dia) VALUES ('2025-06-05');
INSERT INTO marketplace.dias (dia) VALUES ('2025-06-06');
INSERT INTO marketplace.dias (dia) VALUES ('2025-06-07');
INSERT INTO marketplace.dias (dia) VALUES ('2025-06-08');
INSERT INTO marketplace.dias (dia) VALUES ('2025-06-09');
INSERT INTO marketplace.dias (dia) VALUES ('2025-06-10');
INSERT INTO marketplace.dias (dia) VALUES ('2025-06-11');
INSERT INTO marketplace.dias (dia) VALUES ('2025-06-12');
INSERT INTO marketplace.dias (dia) VALUES ('2025-06-13');
INSERT INTO marketplace.dias (dia) VALUES ('2025-06-14');
INSERT INTO marketplace.dias (dia) VALUES ('2025-06-15');
INSERT INTO marketplace.dias (dia) VALUES ('2025-06-16');
INSERT INTO marketplace.dias (dia) VALUES ('2025-06-17');
INSERT INTO marketplace.dias (dia) VALUES ('2025-06-18');
INSERT INTO marketplace.dias (dia) VALUES ('2025-06-19');
INSERT INTO marketplace.dias (dia) VALUES ('2025-06-20');
INSERT INTO marketplace.dias (dia) VALUES ('2025-06-21');
INSERT INTO marketplace.dias (dia) VALUES ('2025-06-22');
INSERT INTO marketplace.dias (dia) VALUES ('2025-06-23');
INSERT INTO marketplace.dias (dia) VALUES ('2025-06-24');
INSERT INTO marketplace.dias (dia) VALUES ('2025-06-25');
INSERT INTO marketplace.dias (dia) VALUES ('2025-06-26');
INSERT INTO marketplace.dias (dia) VALUES ('2025-06-27');
INSERT INTO marketplace.dias (dia) VALUES ('2025-06-28');
INSERT INTO marketplace.dias (dia) VALUES ('2025-06-29');
INSERT INTO marketplace.dias (dia) VALUES ('2025-06-30');
INSERT INTO marketplace.dias (dia) VALUES ('2025-07-01');
INSERT INTO marketplace.dias (dia) VALUES ('2025-07-02');
INSERT INTO marketplace.dias (dia) VALUES ('2025-07-03');
INSERT INTO marketplace.dias (dia) VALUES ('2025-07-04');
INSERT INTO marketplace.dias (dia) VALUES ('2025-07-05');
INSERT INTO marketplace.dias (dia) VALUES ('2025-07-06');
INSERT INTO marketplace.dias (dia) VALUES ('2025-07-07');
INSERT INTO marketplace.dias (dia) VALUES ('2025-07-08');
INSERT INTO marketplace.dias (dia) VALUES ('2025-07-09');
INSERT INTO marketplace.dias (dia) VALUES ('2025-07-10');
INSERT INTO marketplace.dias (dia) VALUES ('2025-07-11');
INSERT INTO marketplace.dias (dia) VALUES ('2025-07-12');
INSERT INTO marketplace.dias (dia) VALUES ('2025-07-13');
INSERT INTO marketplace.dias (dia) VALUES ('2025-07-14');
INSERT INTO marketplace.dias (dia) VALUES ('2025-07-15');
INSERT INTO marketplace.dias (dia) VALUES ('2025-07-16');
INSERT INTO marketplace.dias (dia) VALUES ('2025-07-17');
INSERT INTO marketplace.dias (dia) VALUES ('2025-07-18');
INSERT INTO marketplace.dias (dia) VALUES ('2025-07-19');

create table marketplace.horas(
    hora time primary key
);

INSERT INTO marketplace.horas (hora) VALUES ('00:00:00');
INSERT INTO marketplace.horas (hora) VALUES ('00:01:00');
INSERT INTO marketplace.horas (hora) VALUES ('00:02:00');
INSERT INTO marketplace.horas (hora) VALUES ('00:03:00');
INSERT INTO marketplace.horas (hora) VALUES ('00:04:00');
INSERT INTO marketplace.horas (hora) VALUES ('00:05:00');
INSERT INTO marketplace.horas (hora) VALUES ('00:06:00');
INSERT INTO marketplace.horas (hora) VALUES ('00:07:00');
INSERT INTO marketplace.horas (hora) VALUES ('00:08:00');
INSERT INTO marketplace.horas (hora) VALUES ('00:09:00');
INSERT INTO marketplace.horas (hora) VALUES ('00:10:00');
INSERT INTO marketplace.horas (hora) VALUES ('00:11:00');
INSERT INTO marketplace.horas (hora) VALUES ('00:12:00');
INSERT INTO marketplace.horas (hora) VALUES ('00:13:00');
INSERT INTO marketplace.horas (hora) VALUES ('00:14:00');
INSERT INTO marketplace.horas (hora) VALUES ('00:15:00');
INSERT INTO marketplace.horas (hora) VALUES ('00:16:00');
INSERT INTO marketplace.horas (hora) VALUES ('00:17:00');
INSERT INTO marketplace.horas (hora) VALUES ('00:18:00');
INSERT INTO marketplace.horas (hora) VALUES ('00:19:00');
INSERT INTO marketplace.horas (hora) VALUES ('00:20:00');
INSERT INTO marketplace.horas (hora) VALUES ('00:21:00');
INSERT INTO marketplace.horas (hora) VALUES ('00:22:00');
INSERT INTO marketplace.horas (hora) VALUES ('00:23:00');
INSERT INTO marketplace.horas (hora) VALUES ('00:24:00');
INSERT INTO marketplace.horas (hora) VALUES ('00:25:00');
INSERT INTO marketplace.horas (hora) VALUES ('00:26:00');
INSERT INTO marketplace.horas (hora) VALUES ('00:27:00');
INSERT INTO marketplace.horas (hora) VALUES ('00:28:00');
INSERT INTO marketplace.horas (hora) VALUES ('00:29:00');
INSERT INTO marketplace.horas (hora) VALUES ('00:30:00');
INSERT INTO marketplace.horas (hora) VALUES ('00:31:00');
INSERT INTO marketplace.horas (hora) VALUES ('00:32:00');
INSERT INTO marketplace.horas (hora) VALUES ('00:33:00');
INSERT INTO marketplace.horas (hora) VALUES ('00:34:00');
INSERT INTO marketplace.horas (hora) VALUES ('00:35:00');
INSERT INTO marketplace.horas (hora) VALUES ('00:36:00');
INSERT INTO marketplace.horas (hora) VALUES ('00:37:00');
INSERT INTO marketplace.horas (hora) VALUES ('00:38:00');
INSERT INTO marketplace.horas (hora) VALUES ('00:39:00');
INSERT INTO marketplace.horas (hora) VALUES ('00:40:00');
INSERT INTO marketplace.horas (hora) VALUES ('00:41:00');
INSERT INTO marketplace.horas (hora) VALUES ('00:42:00');
INSERT INTO marketplace.horas (hora) VALUES ('00:43:00');
INSERT INTO marketplace.horas (hora) VALUES ('00:44:00');
INSERT INTO marketplace.horas (hora) VALUES ('00:45:00');
INSERT INTO marketplace.horas (hora) VALUES ('00:46:00');
INSERT INTO marketplace.horas (hora) VALUES ('00:47:00');
INSERT INTO marketplace.horas (hora) VALUES ('00:48:00');
INSERT INTO marketplace.horas (hora) VALUES ('00:49:00');
INSERT INTO marketplace.horas (hora) VALUES ('00:50:00');
INSERT INTO marketplace.horas (hora) VALUES ('00:51:00');
INSERT INTO marketplace.horas (hora) VALUES ('00:52:00');
INSERT INTO marketplace.horas (hora) VALUES ('00:53:00');
INSERT INTO marketplace.horas (hora) VALUES ('00:54:00');
INSERT INTO marketplace.horas (hora) VALUES ('00:55:00');
INSERT INTO marketplace.horas (hora) VALUES ('00:56:00');
INSERT INTO marketplace.horas (hora) VALUES ('00:57:00');
INSERT INTO marketplace.horas (hora) VALUES ('00:58:00');
INSERT INTO marketplace.horas (hora) VALUES ('00:59:00');
INSERT INTO marketplace.horas (hora) VALUES ('01:00:00');
INSERT INTO marketplace.horas (hora) VALUES ('01:01:00');
INSERT INTO marketplace.horas (hora) VALUES ('01:02:00');
INSERT INTO marketplace.horas (hora) VALUES ('01:03:00');
INSERT INTO marketplace.horas (hora) VALUES ('01:04:00');
INSERT INTO marketplace.horas (hora) VALUES ('01:05:00');
INSERT INTO marketplace.horas (hora) VALUES ('01:06:00');
INSERT INTO marketplace.horas (hora) VALUES ('01:07:00');
INSERT INTO marketplace.horas (hora) VALUES ('01:08:00');
INSERT INTO marketplace.horas (hora) VALUES ('01:09:00');
INSERT INTO marketplace.horas (hora) VALUES ('01:10:00');
INSERT INTO marketplace.horas (hora) VALUES ('01:11:00');
INSERT INTO marketplace.horas (hora) VALUES ('01:12:00');
INSERT INTO marketplace.horas (hora) VALUES ('01:13:00');
INSERT INTO marketplace.horas (hora) VALUES ('01:14:00');
INSERT INTO marketplace.horas (hora) VALUES ('01:15:00');
INSERT INTO marketplace.horas (hora) VALUES ('01:16:00');
INSERT INTO marketplace.horas (hora) VALUES ('01:17:00');
INSERT INTO marketplace.horas (hora) VALUES ('01:18:00');
INSERT INTO marketplace.horas (hora) VALUES ('01:19:00');
INSERT INTO marketplace.horas (hora) VALUES ('01:20:00');
INSERT INTO marketplace.horas (hora) VALUES ('01:21:00');
INSERT INTO marketplace.horas (hora) VALUES ('01:22:00');
INSERT INTO marketplace.horas (hora) VALUES ('01:23:00');
INSERT INTO marketplace.horas (hora) VALUES ('01:24:00');
INSERT INTO marketplace.horas (hora) VALUES ('01:25:00');
INSERT INTO marketplace.horas (hora) VALUES ('01:26:00');
INSERT INTO marketplace.horas (hora) VALUES ('01:27:00');
INSERT INTO marketplace.horas (hora) VALUES ('01:28:00');
INSERT INTO marketplace.horas (hora) VALUES ('01:29:00');
INSERT INTO marketplace.horas (hora) VALUES ('01:30:00');
INSERT INTO marketplace.horas (hora) VALUES ('01:31:00');
INSERT INTO marketplace.horas (hora) VALUES ('01:32:00');
INSERT INTO marketplace.horas (hora) VALUES ('01:33:00');
INSERT INTO marketplace.horas (hora) VALUES ('01:34:00');
INSERT INTO marketplace.horas (hora) VALUES ('01:35:00');
INSERT INTO marketplace.horas (hora) VALUES ('01:36:00');
INSERT INTO marketplace.horas (hora) VALUES ('01:37:00');
INSERT INTO marketplace.horas (hora) VALUES ('01:38:00');
INSERT INTO marketplace.horas (hora) VALUES ('01:39:00');
INSERT INTO marketplace.horas (hora) VALUES ('01:40:00');
INSERT INTO marketplace.horas (hora) VALUES ('01:41:00');
INSERT INTO marketplace.horas (hora) VALUES ('01:42:00');
INSERT INTO marketplace.horas (hora) VALUES ('01:43:00');
INSERT INTO marketplace.horas (hora) VALUES ('01:44:00');
INSERT INTO marketplace.horas (hora) VALUES ('01:45:00');
INSERT INTO marketplace.horas (hora) VALUES ('01:46:00');
INSERT INTO marketplace.horas (hora) VALUES ('01:47:00');
INSERT INTO marketplace.horas (hora) VALUES ('01:48:00');
INSERT INTO marketplace.horas (hora) VALUES ('01:49:00');
INSERT INTO marketplace.horas (hora) VALUES ('01:50:00');
INSERT INTO marketplace.horas (hora) VALUES ('01:51:00');
INSERT INTO marketplace.horas (hora) VALUES ('01:52:00');
INSERT INTO marketplace.horas (hora) VALUES ('01:53:00');
INSERT INTO marketplace.horas (hora) VALUES ('01:54:00');
INSERT INTO marketplace.horas (hora) VALUES ('01:55:00');
INSERT INTO marketplace.horas (hora) VALUES ('01:56:00');
INSERT INTO marketplace.horas (hora) VALUES ('01:57:00');
INSERT INTO marketplace.horas (hora) VALUES ('01:58:00');
INSERT INTO marketplace.horas (hora) VALUES ('01:59:00');
INSERT INTO marketplace.horas (hora) VALUES ('02:00:00');
INSERT INTO marketplace.horas (hora) VALUES ('02:01:00');
INSERT INTO marketplace.horas (hora) VALUES ('02:02:00');
INSERT INTO marketplace.horas (hora) VALUES ('02:03:00');
INSERT INTO marketplace.horas (hora) VALUES ('02:04:00');
INSERT INTO marketplace.horas (hora) VALUES ('02:05:00');
INSERT INTO marketplace.horas (hora) VALUES ('02:06:00');
INSERT INTO marketplace.horas (hora) VALUES ('02:07:00');
INSERT INTO marketplace.horas (hora) VALUES ('02:08:00');
INSERT INTO marketplace.horas (hora) VALUES ('02:09:00');
INSERT INTO marketplace.horas (hora) VALUES ('02:10:00');
INSERT INTO marketplace.horas (hora) VALUES ('02:11:00');
INSERT INTO marketplace.horas (hora) VALUES ('02:12:00');
INSERT INTO marketplace.horas (hora) VALUES ('02:13:00');
INSERT INTO marketplace.horas (hora) VALUES ('02:14:00');
INSERT INTO marketplace.horas (hora) VALUES ('02:15:00');
INSERT INTO marketplace.horas (hora) VALUES ('02:16:00');
INSERT INTO marketplace.horas (hora) VALUES ('02:17:00');
INSERT INTO marketplace.horas (hora) VALUES ('02:18:00');
INSERT INTO marketplace.horas (hora) VALUES ('02:19:00');
INSERT INTO marketplace.horas (hora) VALUES ('02:20:00');
INSERT INTO marketplace.horas (hora) VALUES ('02:21:00');
INSERT INTO marketplace.horas (hora) VALUES ('02:22:00');
INSERT INTO marketplace.horas (hora) VALUES ('02:23:00');
INSERT INTO marketplace.horas (hora) VALUES ('02:24:00');
INSERT INTO marketplace.horas (hora) VALUES ('02:25:00');
INSERT INTO marketplace.horas (hora) VALUES ('02:26:00');
INSERT INTO marketplace.horas (hora) VALUES ('02:27:00');
INSERT INTO marketplace.horas (hora) VALUES ('02:28:00');
INSERT INTO marketplace.horas (hora) VALUES ('02:29:00');
INSERT INTO marketplace.horas (hora) VALUES ('02:30:00');
INSERT INTO marketplace.horas (hora) VALUES ('02:31:00');
INSERT INTO marketplace.horas (hora) VALUES ('02:32:00');
INSERT INTO marketplace.horas (hora) VALUES ('02:33:00');
INSERT INTO marketplace.horas (hora) VALUES ('02:34:00');
INSERT INTO marketplace.horas (hora) VALUES ('02:35:00');
INSERT INTO marketplace.horas (hora) VALUES ('02:36:00');
INSERT INTO marketplace.horas (hora) VALUES ('02:37:00');
INSERT INTO marketplace.horas (hora) VALUES ('02:38:00');
INSERT INTO marketplace.horas (hora) VALUES ('02:39:00');
INSERT INTO marketplace.horas (hora) VALUES ('02:40:00');
INSERT INTO marketplace.horas (hora) VALUES ('02:41:00');
INSERT INTO marketplace.horas (hora) VALUES ('02:42:00');
INSERT INTO marketplace.horas (hora) VALUES ('02:43:00');
INSERT INTO marketplace.horas (hora) VALUES ('02:44:00');
INSERT INTO marketplace.horas (hora) VALUES ('02:45:00');
INSERT INTO marketplace.horas (hora) VALUES ('02:46:00');
INSERT INTO marketplace.horas (hora) VALUES ('02:47:00');
INSERT INTO marketplace.horas (hora) VALUES ('02:48:00');
INSERT INTO marketplace.horas (hora) VALUES ('02:49:00');
INSERT INTO marketplace.horas (hora) VALUES ('02:50:00');
INSERT INTO marketplace.horas (hora) VALUES ('02:51:00');
INSERT INTO marketplace.horas (hora) VALUES ('02:52:00');
INSERT INTO marketplace.horas (hora) VALUES ('02:53:00');
INSERT INTO marketplace.horas (hora) VALUES ('02:54:00');
INSERT INTO marketplace.horas (hora) VALUES ('02:55:00');
INSERT INTO marketplace.horas (hora) VALUES ('02:56:00');
INSERT INTO marketplace.horas (hora) VALUES ('02:57:00');
INSERT INTO marketplace.horas (hora) VALUES ('02:58:00');
INSERT INTO marketplace.horas (hora) VALUES ('02:59:00');
INSERT INTO marketplace.horas (hora) VALUES ('03:00:00');
INSERT INTO marketplace.horas (hora) VALUES ('03:01:00');
INSERT INTO marketplace.horas (hora) VALUES ('03:02:00');
INSERT INTO marketplace.horas (hora) VALUES ('03:03:00');
INSERT INTO marketplace.horas (hora) VALUES ('03:04:00');
INSERT INTO marketplace.horas (hora) VALUES ('03:05:00');
INSERT INTO marketplace.horas (hora) VALUES ('03:06:00');
INSERT INTO marketplace.horas (hora) VALUES ('03:07:00');
INSERT INTO marketplace.horas (hora) VALUES ('03:08:00');
INSERT INTO marketplace.horas (hora) VALUES ('03:09:00');
INSERT INTO marketplace.horas (hora) VALUES ('03:10:00');
INSERT INTO marketplace.horas (hora) VALUES ('03:11:00');
INSERT INTO marketplace.horas (hora) VALUES ('03:12:00');
INSERT INTO marketplace.horas (hora) VALUES ('03:13:00');
INSERT INTO marketplace.horas (hora) VALUES ('03:14:00');
INSERT INTO marketplace.horas (hora) VALUES ('03:15:00');
INSERT INTO marketplace.horas (hora) VALUES ('03:16:00');
INSERT INTO marketplace.horas (hora) VALUES ('03:17:00');
INSERT INTO marketplace.horas (hora) VALUES ('03:18:00');
INSERT INTO marketplace.horas (hora) VALUES ('03:19:00');

select p.id, c.nome, p.criado_em from marketplace.pedidos p
                                          inner join marketplace.clientes c on p.cliente_id = c.id order by p.criado_em desc;

select p.id, coalesce(c.codigo, 'SEM_CUPOM') as cupom, coalesce(c.percentual, 0) as desconto_percentual from marketplace.pedidos p
                                                                                                                 inner join marketplace.cupons c on p.cupom_codigo = c.codigo;

select v.id, v.nome_fantasia, count(l.id) as qtde_livros from marketplace.livros l
                                                                  inner join marketplace.vendedores v on l.vendedor_id = v.id group by v.nome_fantasia, v.id order by qtde_livros;

select c.id, c.categoria_pai_id as categoria_pai, c2.nome as categoria_filha from marketplace.categorias c
                                                                                      left join marketplace.categorias c2 on c.id = c2.categoria_pai_id;

select * from marketplace.dias d cross join marketplace.horas h where h.hora between '09:00' and '18:00'; --TERMINAR QUERY DE HORA

select c.nome, case
                   when l.preco < 30 then 'barato'
                   when l.preco between 30 and 80 then 'medio'
                   when l.preco > 80 then 'caro' end as categoria_preco from marketplace.livros l
                                                                                 left join marketplace.categorias c on l.categoria_id = c.id;

select cd.nome, count(c.id) as qtde_clientes from marketplace.cidades cd
                                                      left join marketplace.clientes c on cd.id = c.cidade_id group by cd.nome order by qtde_clientes desc;


create materialized view pedido_data_total as (select v.id as vendedor_id, p.id as pedido_id, p.criado_em as criado_em, (it.quantidade * it.preco_unitario) as valor_total from marketplace.vendedores v
                                                                                                                                                                                    inner join marketplace.livros l on v.id = l.vendedor_id
                                                                                                                                                                                    left join marketplace.itens_pedido it on l.id = it.livro_id                                                                                                                                                                                    inner join marketplace.pedidos p on it.pedido_id = p.id);
select * from pedido_data_total;

select v.id, v.nome_fantasia, extract(year from pdt.criado_em) as ano, extract(month from pdt.criado_em) as mes, coalesce(sum(pdt.valor_total),0) as faturamento_mensal from marketplace.vendedores v
                                                                                                                                                                                 left join pedido_data_total pdt on v.id = pdt.vendedor_id group by v.id, ano, mes order by ano, mes;

select * from marketplace.livros l
    left join marketplace.itens_pedido it on l.id = it.livro_id where it.livro_id is null;

select * from marketplace.clientes c
    left join marketplace.pedidos p on c.id = p.cliente_id where p.cliente_id is null;

select c.codigo as codigo, c.percentual as percentual_desconto, sum(round(((it.quantidade * it.preco_unitario) * c.percentual/100), 2)) as desconto_total from marketplace.pedidos p
    inner join marketplace.itens_pedido it on p.id = it.pedido_id
    inner join marketplace.cupons c on p.cupom_codigo = c.codigo
    where c.ativo is True group by c.codigo;

-- (it.quantidade * it.preco_unitario) as valor_pedido, round(((it.quantidade * it.preco_unitario) * cp.percentual/100),2) as desconto, (it.quantidade * it.preco_unitario) - round(((it.quantidade * it.preco_unitario) * cp.percentual/100),2) as valor_a_pagar
select c.nome as categoria, sum((it.quantidade * it.preco_unitario) - round(((it.quantidade * it.preco_unitario) * cp.percentual/100),2)) as faturamento_total from marketplace.categorias c
    inner join marketplace.livros l on c.id = l.categoria_id
    inner join marketplace.itens_pedido it on l.id = it.livro_id
    inner join marketplace.pedidos p on it.pedido_id = p.id
    inner join marketplace.cupons cp on p.cupom_codigo = cp.codigo group by c.id having sum((it.quantidade * it.preco_unitario) - round(((it.quantidade * it.preco_unitario) * cp.percentual/100),2)) > 1000 order by faturamento_total desc limit 5;

select c.nome, round(SUM(it.quantidade * it.preco_unitario)/COUNT(p.id),2) as ticket_medio from marketplace.pedidos p
    inner join marketplace.clientes c on p.cliente_id = c.id
    inner join marketplace.itens_pedido it on p.id = it.pedido_id group by c.id having COUNT(distinct p.id) >= 3;

-- não terminado
select coalesce(status,'INDEFINIDO'), count(coalesce(status,'INDEFINIDO')) from marketplace.pedidos group by coalesce(status,'INDEFINIDO');

select p.id as id_pedido, coalesce(pg.meio, 'SEM PAGAMENTO') as forma_pagamento, coalesce(pg.valor, 0) as valor_pagamento from marketplace.pedidos p
    left join marketplace.pagamentos pg on p.id = pg.pedido_id;

select l.id as livro_id, l.titulo as livro, l.estoque as estoque, sum(it.quantidade) as vendido_total, case when estoque - sum(it.quantidade) < 0 then 'NEGATIVO' else 'OK' end as status_estoque from marketplace.livros l
    inner join marketplace.itens_pedido it on l.id = it.livro_id group by l.id;

select c2.nome as cat_pai, c1.nome as cat_filha from marketplace.categorias c1
    left join marketplace.categorias c2 on c1.id = c2.categoria_pai_id;

select * from marketplace.vendedores v
    cross join marketplace.cidades c where v.id = c.id or c.uf like 'SP';

-- case when p.id is not null then 1 else 0 end
with cliente_pedidos_mes as (select c.nome as cliente, count(p.id) as quantidade_pedido_no_mes, date_trunc('month', p.criado_em) as mes_corrente from marketplace.clientes c
    inner join marketplace.pedidos p on c.id = p.cliente_id group by date_trunc('month', p.criado_em), c.id)
    select mes_corrente, sum(case when cliente is not null then 1 else 0 end) as ativos_mes, (select count(id) from marketplace.clientes) - sum(case when cliente is not null then 1 else 0 end) as inativos_mes from cliente_pedidos_mes group by mes_corrente order by mes_corrente;

select date_trunc('month', p.criado_em) as mes_corrente, sum(case when p.id is not null then 1 else 0 end) as ativos_mes, (select count(id) from marketplace.clientes) - sum(case when p.id is not null then 1 else 0 end) as inativos_mes from marketplace.clientes c
     inner join marketplace.pedidos p on c.id = p.cliente_id group by date_trunc('month', p.criado_em) order by mes_corrente;
